album,album_id,artist,artist_id,duration_ms,id,name,popularity,acousticness,danceability,energy,instrumentalness,key,liveness,loudness,mode,speechiness,tempo,valence
Self-Titled,7jhH139X9JCMwKlW0SWwLY,It Looks Sad.,24M8W1AklCxyWTKjrJZDQ8,228000,71QKtFaECvOxpvHk105FMw,Ocean,38,0.002,0.555,0.723,0.00378,9,0.0589,-6.485,1,0.042,122.003,0.348
Kaiju,0Z0fNb1sXiQ7oULwQYZMUA,It Looks Sad.,24M8W1AklCxyWTKjrJZDQ8,230653,3GHB3jMQPJ6Q97JKbZCowT,Nagoya,46,0.000725,0.541,0.569,0.206,7,0.0873,-8.497,1,0.0251,150.178,0.215
Sweet FA,1lhF5c8Q9bzYNwGFwQgYnP,Peach Pit,6fC2AcsQtd9h4BWELbbire,287080,0ZK8TGOsngrstVPsnrHbK1,Peach Pit,68,0.00322,0.515,0.804,0.00229,6,0.149,-5.345,0,0.0398,123.969,0.298
Being So Normal,6xduu32sm4aidoLhaxYkUA,Peach Pit,6fC2AcsQtd9h4BWELbbire,361760,5OuJTtNve7FxUX82eEBupN,Tommy's Party,66,0.122,0.565,0.438,0.0469,7,0.108,-8.722,1,0.0311,133.949,0.211
Between Days,3P8SSE7Y0fa4c8JHFLH5co,Far Caspian,0EzsHuJxUDcfqSqvoPhKG4,205785,1dtLFRRmiGg2nBaV4Rg9Ux,Blue,47,0.31,0.607,0.791,0.705,7,0.254,-9.963,1,0.0341,153.971,0.845
Filoxiny,5F3jI2TClJuyIAUcbgf4Ps,Skinshape,1itM5tXaK5THggpXA7ovAe,218626,1RI9Qpt8QbYtwfCW8npcO1,I Didn't Know,60,0.432,0.646,0.399,0.284,5,0.124,-14.222,1,0.0295,104.985,0.581
Self-Titled,7jhH139X9JCMwKlW0SWwLY,It Looks Sad.,24M8W1AklCxyWTKjrJZDQ8,268626,0V1syM3vqyaJiZj43657W8,Fingers,46,0.0071,0.366,0.847,0.514,11,0.103,-3.627,0,0.0418,160.118,0.365
Yam Yam,33dtgSEkkObUGGyNz2MgkH,No Vacation,32zeX1IoVKAGWMyy1isKUq,216038,7kyiHjkFdmHcYcIJtFAdaF,Yam Yam,66,0.319,0.445,0.591,0.766,7,0.107,-9.004,0,0.0316,137.864,0.0774
A Different State of Mind,67vmBAu5bzXKL13wbYGfb7,Kid Bloom,5CXdWANGwYYRPClH6hhC0P,155500,3EZvhNCLA30qUZT2LMDYRL,"I Kissed a Girl, and She Kissed Me",51,0.761,0.756,0.468,0.0535,10,0.178,-12.357,1,0.0394,118.019,0.559
Amo XO,04Yi3MVgftQcAqIqVdy9Wu,No Vacation,32zeX1IoVKAGWMyy1isKUq,148192,4loxhrC7MqARWyHLofmhtW,Beach Bummer,62,0.0654,0.689,0.783,0.237,10,0.147,-5.148,1,0.0447,129.955,0.756
Summer Break Mixtape,3Ahz3KpKarLfZAb2bYEe65,No Vacation,32zeX1IoVKAGWMyy1isKUq,234606,6lbLn5iL2NBJnbib7bTXMn,Dræm Girl,60,0.00164,0.192,0.952,0.716,2,0.307,-5.888,1,0.258,172.752,0.262
Amo XO,04Yi3MVgftQcAqIqVdy9Wu,No Vacation,32zeX1IoVKAGWMyy1isKUq,130961,3dmsgudsfeGdQ9NsZFOm0C,Lovefool,60,0.0549,0.819,0.688,0.0568,2,0.0799,-5.967,0,0.0363,104.013,0.961
A Different State of Mind,67vmBAu5bzXKL13wbYGfb7,Kid Bloom,5CXdWANGwYYRPClH6hhC0P,215250,1ecdTZufvS62SLVPZTivYd,Lately It Feels Alright,40,0.077,0.607,0.277,3.97e-06,1,0.068,-11.625,0,0.163,209.896,0.669
Kaiju,0Z0fNb1sXiQ7oULwQYZMUA,It Looks Sad.,24M8W1AklCxyWTKjrJZDQ8,240640,54miTcO8OzHBlpnsVyUx8X,Creature,57,0.000559,0.519,0.724,0.00037,4,0.12,-7.301,1,0.0303,135.051,0.467
Being So Normal,6xduu32sm4aidoLhaxYkUA,Peach Pit,6fC2AcsQtd9h4BWELbbire,207813,6OiRh4kttAs1YWglvTcYkB,Alrighty Aphrodite,64,0.00605,0.534,0.724,0.0929,6,0.108,-4.675,0,0.0495,81.846,0.503
Being So Normal,6xduu32sm4aidoLhaxYkUA,Peach Pit,6fC2AcsQtd9h4BWELbbire,220066,65sNrvOp2HLlhGTeLJ0nnk,Being so Normal,58,0.674,0.541,0.583,0.00583,6,0.125,-8.886,0,0.0507,148.162,0.295
Sweet FA,1lhF5c8Q9bzYNwGFwQgYnP,Peach Pit,6fC2AcsQtd9h4BWELbbire,216426,0SBariQWfKjoslW2XSIFOm,Seventeen,60,0.00837,0.559,0.89,0.00759,11,0.103,-5.188,1,0.0387,91.509,0.809
Being So Normal,6xduu32sm4aidoLhaxYkUA,Peach Pit,6fC2AcsQtd9h4BWELbbire,209640,1H3bR7kQ1VBOb5pEJMiPdM,Not Me,49,0.339,0.513,0.878,0.255,4,0.147,-5.913,0,0.0547,173.21,0.578
Being So Normal,6xduu32sm4aidoLhaxYkUA,Peach Pit,6fC2AcsQtd9h4BWELbbire,248746,51jG0OlS5GWuunFH05NyC6,Hot Knifer,52,0.927,0.644,0.247,0.0264,6,0.115,-8.813,0,0.0368,124.667,0.0876
Yuck (Deluxe Edition),4A5nCDuPk7HbcyvR6X0d8h,Yuck,6l3BRLCpzfC8yxqf9thWAg,215573,3ljCRAo4YkWwrt3OufWzUE,Get Away,31,0.00247,0.468,0.693,0.542,9,0.236,-2.301,1,0.0378,133.052,0.538
Being So Normal,6xduu32sm4aidoLhaxYkUA,Peach Pit,6fC2AcsQtd9h4BWELbbire,339746,40d4m1eI0erCRKLXz55RtT,Private Presley,52,0.137,0.285,0.496,0.409,6,0.125,-9.839,0,0.0338,124.441,0.227
Beacon,1G8PhvQ9hdNMag4mBOAPN3,Two Door Cinema Club,536BYVgOnRky0xjsPT96zl,187720,6EuSqrL9s4PywYiKPtDuT0,Sun,0,0.00982,0.649,0.533,0.000364,4,0.111,-5.426,0,0.0284,96.973,0.611
Bitter Pill (Deluxe Version),36eyR9EO74my5HDrUUPytn,Gavin James,25tMQOrIU4LlUo6Sv8v5SE,216200,26KfOGyEApSDoSro8WsvNZ,Nervous,56,0.418,0.495,0.65,5.27e-05,7,0.108,-10.174,1,0.0385,83.23,0.16
Yuck,3XMiO7Tg1KuEVohFWyU6Xr,Yuck,6l3BRLCpzfC8yxqf9thWAg,214906,1c6dAF03e2zI4IbH9IE7cN,Get Away,0,0.00222,0.473,0.698,0.429,9,0.362,-2.265,1,0.0373,132.982,0.553
I Wanna Dance with Somebody (Who Loves Me),3nSph4x5GlMareku7Vypu1,Tom Speight,02U4dXZhGSo07f66l8JZ91,216309,33asYxhQGxoIZvfcaIIfaf,I Wanna Dance with Somebody (Who Loves Me),51,0.767,0.6,0.379,0.000299,7,0.0977,-10.643,1,0.0276,124.978,0.45
Truth EP,1ybJvLh46tM8x5FjsrA7zZ,Ed Prosek,6DchmKCVOKK707FCrLFFDW,220624,783gviIdhI9Q82ugi6VW4r,Truth,0,0.747,0.578,0.487,0.00018,0,0.125,-8.838,0,0.0329,142.046,0.249
Gb City,4VFt6gflVhBmesukoQ3Lt5,Bass Drum of Death,5LtAyeDVOVcydj65LvgICY,181400,57QZeBhHRLiWhIpjHvKtND,Get Found,42,0.0137,0.477,0.964,0.0932,2,0.288,-4.948,0,0.0563,145.949,0.299
Human Performance,4RNew41ZeRuoRNg3YAhvpe,Parquet Courts,23NIwARd4vPbxt3wwNnJ6k,255880,3iyYmoZMI4o0xW0nCLwAT3,Human Performance,52,0.2,0.455,0.757,0.487,6,0.308,-3.867,0,0.0301,109.824,0.524
We'll Live and Die In These Towns,6XlVOEnkD1QVrUNSz9Y7RO,The Enemy,01ZP85CNi7Y9t1e0one46k,182533,14HIx1zYQLez1NxN9aeRkg,Away from Here,43,0.0755,0.487,0.878,0.0,1,0.138,-4.548,1,0.0318,158.104,0.718
Cream On Chrome,3RGtHyDiOrog7uzkhPYa4I,Ratatat,57dN52uHvrHOxijzpIgu3E,235362,34v7Zs9a64h1xC3PWrmypP,Cream On Chrome,53,0.0275,0.79,0.692,0.369,7,0.528,-4.704,0,0.0532,100.264,0.82
Sunny Side Up,6phMKMOoIv4CLmOH5m7Lj3,Paolo Nutini,7x5rK9BClDQ8wmCkYAGsQp,147666,4PUklK493DHKWcxvsJsdWH,Chamber Music,40,0.768,0.404,0.21,0.157,7,0.0855,-13.192,1,0.0336,150.412,0.471
Hate To Say I Told You So,5ZDu3ZYLA9ff11cJrlcsGH,The Hives,4DToQR3aKrHQSSRzSz8Nzt,199733,0dcJ1SsbTmAvC3ZVvUYMIy,Hate To Say I Told You So,3,0.00114,0.447,0.9,0.00596,5,0.47,-6.741,1,0.0578,135.861,0.39
Carnavas,5gQ6nJYnackUywgXwmDyDz,Silversun Pickups,6qyi8X6MdP1lu6B1K6yh3h,354360,6axAacuCsPeAStu4a2XZA0,Lazy Eye,2,0.0401,0.633,0.831,0.693,4,0.117,-5.053,1,0.0461,127.397,0.243
Constellation,1a4HUfuepjN78mIL5BIMYz,Canyon City,6TdfKQvrdHZdr4DIzjuWOr,250684,23OyhiprklzoNCOJX31fSE,Be Scared With Me,55,0.802,0.603,0.263,0.000113,0,0.116,-12.406,1,0.0326,146.226,0.333
Carry On The Grudge,3dvHXz1aCtrPvvpIMDJFfs,Jamie T,3Rsr4Z96O6U3lToOiV3zBh,246186,5tbZBnWJAw72ZRjmMsrh0D,Zombie,6,0.0113,0.544,0.914,0.0,4,0.485,-4.337,1,0.063,145.09,0.699
"That Sea, The Gambler",7ecZGh7SICLEkqqkBNXfvE,Gregory Alan Isakov,5sXaGoRLSpd7VeyZrLkKwt,360933,3G9ETaH55bMQx8hwNhAgbU,The Stable Song,68,0.633,0.625,0.432,0.00242,2,0.127,-11.948,1,0.0283,137.926,0.361
Teenager,1CqtO269U2YwnaRG9gUprK,Mona,4AKwIU9B31J3L41DuJfFym,174133,1H1oxYhlfYLmed6dHn03Kk,Teenager,18,0.000438,0.322,0.894,0.0,11,0.108,-4.65,0,0.0666,146.683,0.334
Life Sux,4XG9zoLbhc8shGghmCb8eO,Wavves,6bUJpbekaIlq2fT5FMV2mQ,174553,2wg09UvwEDh5zOz08DNbAZ,Bug,32,0.000466,0.202,0.972,0.0235,7,0.576,-3.96,1,0.0794,165.043,0.109
Time Capsules II,0O4LU2JL6yhGbXkBd5ZNpd,Oberhofer,5zb7wVUx1vTXLB6HX26EnX,259800,4GRaa1CkDXnZ4bLNw7aYFa,Gold,31,0.478,0.501,0.928,2.35e-05,9,0.142,-5.16,1,0.0916,159.787,0.753
Gossamer,14JU5SskmcyckE5I8PY6lv,Passion Pit,7gjAu1qr5C2grXeQFFOGeh,264493,4Sfa7hdVkqlM8UW5LsSY3F,Take a Walk,68,0.0338,0.566,0.755,0.0,11,0.315,-5.526,1,0.0368,101.006,0.445
Holy Fire,0PIR7PK8DMB4pgoxq7F9Ad,Foals,6FQqZYVfTNQ1pCqfkwVFEa,292546,3tRqWoZuQtOfG54Vd6nNdq,Inhaler,57,0.0036,0.536,0.73,0.668,2,0.183,-7.606,0,0.0427,97.206,0.438
Port Of Morrow,4ZTcGoOrNro2aCAStXEjZi,The Shins,4LG4Bs1Gadht7TCrMytQUO,255400,48bo7uexDvAThcRDvEB2W7,Simple Song,65,0.0133,0.546,0.878,0.0,7,0.135,-5.137,1,0.0525,119.945,0.35
Bruiser,7vVn9Lw8LOpe2Ec4tOucbB,The Duke Spirit,5lModM3s3qlPQKYjtwWuXD,197520,1ZoDy49goOkZH0F327cmoY,Surrender,25,0.00417,0.193,0.882,7.82e-06,11,0.254,-3.835,0,0.0894,160.037,0.199
El Camino,5DLhV9yOvZ7IxVmljMXtNm,The Black Keys,7mnBLXK823vNxN3UWB7Gfz,207040,5S7kFUo496CoItemffWQb9,Nova Baby,53,0.0054,0.556,0.702,0.0,4,0.218,-5.792,0,0.0423,132.33,0.452
Tourist History,4VX87XKcBRsxIU6Yri4PFC,Two Door Cinema Club,536BYVgOnRky0xjsPT96zl,191426,0oEweHsuQagFuqXct9UvBm,What You Know,67,0.000741,0.549,0.755,6.06e-06,6,0.0786,-3.991,0,0.0403,139.034,0.818
Beacon,1G8PhvQ9hdNMag4mBOAPN3,Two Door Cinema Club,536BYVgOnRky0xjsPT96zl,236440,76d991vOJOyIRsUdeciKjM,Sleep Alone,0,0.000102,0.534,0.755,0.00226,0,0.0927,-4.943,1,0.043,148.008,0.519
What Went Down,4uIDigk79DeZEYV6Z5Yf4s,Foals,6FQqZYVfTNQ1pCqfkwVFEa,244293,53L6A3I9vf7rgEZnMzx54E,Mountain at My Gates,67,0.0025,0.495,0.931,0.0783,2,0.246,-5.336,0,0.0469,104.05,0.617
Tourist History (Deluxe),6kKIwUDSf7GV3kdU041ZHM,Two Door Cinema Club,536BYVgOnRky0xjsPT96zl,214293,31OaV0P9FVy0l0ITDoEoIa,Cigarettes in the Theatre,37,9.17e-05,0.452,0.882,0.156,0,0.115,-5.154,1,0.24,168.994,0.612
America Give Up,1YPOC8uC8KUG0jspZm6kQ2,Howler,7nERL8M0rrFRnMuC2vbsUg,222573,1YM7fNEGrM1QSuRFHmIdQG,Back of Your Neck,34,0.314,0.553,0.936,0.0126,11,0.105,-2.93,1,0.28,166.852,0.223
Animal,30zUJnxrRpZm4Cic4cneVB,Neon Trees,0RpddSzUHfncUWNJXKOsjy,212400,3LbXPKUPANdLSxENkV0i2f,Animal,2,0.000282,0.482,0.841,0.0,5,0.376,-5.484,1,0.0438,148.024,0.744
Magnifique,4Lp4NxL8v03Mxg3hbAgW1Z,Ratatat,57dN52uHvrHOxijzpIgu3E,256808,2zlOCBcS1CCIUkgpz78ahY,Abrasive,43,0.238,0.577,0.731,0.884,7,0.288,-7.028,0,0.0313,138.251,0.308
Beacon,1G8PhvQ9hdNMag4mBOAPN3,Two Door Cinema Club,536BYVgOnRky0xjsPT96zl,223120,78XJJu79UWAK1vTrqdRqvh,Someday,0,8.84e-06,0.485,0.913,0.664,9,0.199,-4.614,0,0.0351,144.02,0.665
Mona,48xRWWQZ6nUJQ67kxnviQm,Mona,4AKwIU9B31J3L41DuJfFym,205786,3tvhWi9FFi3UMBpviIMdlA,Shooting The Moon,0,0.000978,0.388,0.896,0.0,4,0.154,-3.663,0,0.0586,81.414,0.318
Next Year,226NeBqzflUWkZXjxhVCky,Two Door Cinema Club,536BYVgOnRky0xjsPT96zl,251480,5rL8ffbAjpGYroz3HfuiVl,Next Year,5,0.00282,0.566,0.804,0.00105,2,0.071,-4.783,1,0.0764,127.568,0.462
Time Capsules II,0O4LU2JL6yhGbXkBd5ZNpd,Oberhofer,5zb7wVUx1vTXLB6HX26EnX,311760,6ZpJrxd7zlclMxWLCcbxrW,Haus,9,0.51,0.498,0.909,0.0107,7,0.135,-6.048,1,0.0492,146.989,0.481
Torches,7Kmmw7Z5D2UD5MVwdm10sT,Foster The People,7gP3bB2nilZXLfPHJhMdvc,174920,4HRa9ZWcmZ8JD7UySPu0wT,Don't Stop (Color on the Walls),64,0.00183,0.611,0.948,0.0995,1,0.0969,-3.751,0,0.0753,133.004,0.79
Walking On A Dream,6cMiYjMZ7ltJC3OyljYJO6,Empire of the Sun,67hb7towEyKvt5Z8Bx306c,198440,3iVAyrTlbWGBq0laeQ18z2,Walking On A Dream,7,0.245,0.87,0.699,6.76e-06,5,0.0588,-5.541,0,0.0459,126.967,0.726
"And After That, We Didn't Talk",3tlDQco8P9HFoR5CRC1BCj,GoldLink,5XenQ7XfcvQdfIbpLEFaKQ,213333,1fpfYMT2RTc5W3Zluq5xVA,Palm Trees,53,0.235,0.685,0.61,0.0,2,0.164,-9.294,1,0.487,127.932,0.777
Telefone,18Scpsg5OV1iYNtSaCsjwz,Noname,1EpyA68dKpjf7jXmQL88Hy,208000,6JvfBzqZmSiEG5MjM7OcSY,Diddy Bop (feat. Cam O'bi & Raury),64,0.713,0.637,0.503,0.000113,1,0.109,-6.927,1,0.336,81.061,0.661
At What Cost,18JrBX1QkpnUSJF3oxX6RX,GoldLink,5XenQ7XfcvQdfIbpLEFaKQ,183760,564oa00vY05d1uYnTEAAmE,Herside Story,71,0.656,0.885,0.595,4.42e-06,7,0.105,-5.487,1,0.286,148.034,0.754
ALL-AMERIKKKAN BADA$$,6swV0WUnPygRIMgEKn6Ige,Joey Bada$$,2P5sC9cVZDToPxyomzF1UH,244197,7L9g4cPfohScjJ8mGwLQWr,TEMPTATION,69,0.397,0.775,0.707,0.0,10,0.874,-5.339,0,0.152,104.979,0.78
Rough Soul,2DrAYmozfh5ynk6aLUNLxZ,GoldLink,5XenQ7XfcvQdfIbpLEFaKQ,181025,5v0C3nNNDMhZ3nWzzP0W4T,Rough Soul,60,0.0273,0.795,0.529,0.000129,4,0.0938,-18.345,0,0.0605,117.009,0.419
Smile Good,0js0LifyH653EoIQos9xv5,Jay Prince,2TLYSzGyVYkxAgYSCqUnQj,206769,5mSJgLW43dmFEMK50ECr0S,"Father, Father",48,0.0498,0.629,0.749,0.0104,1,0.494,-5.414,1,0.0674,130.016,0.69
"And After That, We Didn't Talk",3tlDQco8P9HFoR5CRC1BCj,GoldLink,5XenQ7XfcvQdfIbpLEFaKQ,161080,60ZZNXIdwgUGkVGRt7foLT,Late Night,62,0.278,0.442,0.446,0.0,9,0.308,-11.354,0,0.786,51.539,0.295
At What Cost,18JrBX1QkpnUSJF3oxX6RX,GoldLink,5XenQ7XfcvQdfIbpLEFaKQ,258784,7jaYiqwCFQDdtxfQaSzZuM,Meditation,57,0.0303,0.849,0.703,0.0,4,0.0831,-7.069,0,0.193,115.052,0.405
You're Dead!,29luvT98TnqHjVDYSRbbrj,Flying Lotus,29XOeO6KIWxGthejQqn793,234486,6CTG85NJI1Wm60pxTSRNwL,Never Catch Me,58,0.316,0.526,0.936,0.000384,8,0.261,-4.576,1,0.263,81.305,0.283
Section.80,13WjgUEEAQp0d9JqojlWp1,Kendrick Lamar,2YZyLoL8N0Wb9xBt1NhZWg,350001,2FTGmG9PvlXEERkb1sYBE3,Ab-Souls Outro,22,0.116,0.471,0.839,0.0,5,0.658,-6.852,0,0.379,115.79,0.639
The Beyond / Where the Giants Roam,1atZ1TiIPZZec0oiyY1mBl,Thundercat,4frXpPxQQZwbCu3eTGnZEw,187210,4u8031pTkTODbRaDCbx8Yv,Them Changes,43,0.544,0.787,0.579,0.00148,10,0.116,-8.376,0,0.0581,81.68,0.738
Navajo,5DxMTCWwHlaz4Hx1og50xL,Masego,3ycxRkcZ67ALN3GQJ57Vig,194157,6zWU7YALeEDMcPGhKKZJhV,Navajo,70,0.114,0.686,0.592,1.16e-06,6,0.248,-7.398,0,0.26,89.013,0.364
At What Cost,18JrBX1QkpnUSJF3oxX6RX,GoldLink,5XenQ7XfcvQdfIbpLEFaKQ,176702,15EPc80XuFrb2LmOzGjuRg,Crew (feat. Brent Faiyaz & Shy Glizzy),75,0.133,0.728,0.607,0.0,1,0.0864,-8.417,0,0.132,129.938,0.445
Lies We Told,6dv47Bjm2WFWRlNH8OFT6K,Fallen Roses,5I6WLC9Auo6aeTRHPQbdOv,170588,2Yi7Bh4OFdRfgzWptNR8Ob,Lies We Told,0,0.845,0.762,0.18,0.927,3,0.0779,-18.287,1,0.0499,101.809,0.17
Subluxe,3U2omtdhP8u72J2afr5UQG,Healy,2Yhge9MsE7qKcV0eWsuuHM,237157,3eB4rqVk93cQpxXUtdZr5K,Reckless,2,0.509,0.846,0.366,2.76e-05,2,0.236,-8.415,1,0.417,81.179,0.421
Tuxedo,5tD7xrX0TjRHaGCbSFDz3D,Tuxedo,0CCqHvxGgfjJzwzQzmPlEr,258502,1NFjjAIK4IWjDLzpMry0Kp,Do It,3,0.0642,0.818,0.858,0.256,1,0.256,-4.219,0,0.0398,119.605,0.753
Jungle,6IH6co1QUS7uXoyPDv0rIr,Jungle,59oA5WbbQvomJz2BuRG071,181772,3g86N0SqyfxEVNMHlmW3RE,Busy Earnin',64,0.209,0.457,0.883,5.11e-06,10,0.0912,-5.61,0,0.0376,99.937,0.736
Jungle,6IH6co1QUS7uXoyPDv0rIr,Jungle,59oA5WbbQvomJz2BuRG071,213614,3kwRiuw2oJoArGs3EusCgn,Time,58,0.192,0.693,0.695,0.000925,5,0.489,-8.435,1,0.0446,120.015,0.553
Jungle,6IH6co1QUS7uXoyPDv0rIr,Jungle,59oA5WbbQvomJz2BuRG071,196052,49sqQIS868rKIy5NBUmJV6,The Heat,57,0.277,0.649,0.878,0.154,5,0.424,-7.754,0,0.0428,109.984,0.645
Jungle,6IH6co1QUS7uXoyPDv0rIr,Jungle,59oA5WbbQvomJz2BuRG071,173626,6FvjAQqC2L0B3TTANybitI,Drops,56,0.852,0.703,0.237,0.637,5,0.0924,-14.283,1,0.0541,107.992,0.171
Jungle,6IH6co1QUS7uXoyPDv0rIr,Jungle,59oA5WbbQvomJz2BuRG071,195293,43A8FeaAetF2Imc28DX29I,Julia,53,0.022,0.623,0.647,0.00108,10,0.109,-7.511,0,0.0301,107.996,0.277
Motifs - EP,1o1xzDFARnFITN40px5GyS,20syl,6mA4csYsYvf4Mq02PleZEV,238777,3DjYU54tU6YCEy822r8TcY,Ongoing Thing,54,0.363,0.471,0.699,0.000242,5,0.0708,-7.782,0,0.245,170.114,0.329
Sincerely,0HOofIzmgO1zaHMsoU475w,Stephen,64N1HzkQEXvjlJBQinWeu2,270510,5lJH3o6AFW9Aig1CdRdAF1,Crossfire,62,0.459,0.323,0.558,2.81e-06,5,0.676,-5.292,0,0.337,73.552,0.199
Sincerely,0HOofIzmgO1zaHMsoU475w,Stephen,64N1HzkQEXvjlJBQinWeu2,207462,1lRzHXieZLp1NNoqopBLkf,Line It Up,47,0.12,0.609,0.684,0.0,0,0.314,-4.113,0,0.205,169.765,0.411
Yours and Nobody Else's,70y2kkQvKd6j5a6voDdZzs,Fallen Roses,5I6WLC9Auo6aeTRHPQbdOv,129562,49VY7zaIgfNI96qdK1Xi2l,Yours and Nobody Else's,1,0.739,0.767,0.532,0.903,5,0.133,-9.231,1,0.248,80.032,0.0723
Section.80,13WjgUEEAQp0d9JqojlWp1,Kendrick Lamar,2YZyLoL8N0Wb9xBt1NhZWg,215791,6jl01C724Mk68qlOQLco5I,Blow My High (Members Only),34,0.316,0.959,0.524,0.0,9,0.274,-8.145,0,0.274,119.933,0.84
"""Awaken, My Love!""",4xnq1L6P551Qcb9gBXNMK7,Childish Gambino,73sIBHcqh3Z3NyqHKZ7FOL,326933,3kxfsdsCpFgN412fpnW85Y,Redbone,21,0.172,0.745,0.356,0.00943,1,0.123,-10.425,1,0.0941,160.033,0.607
Thinking In Textures,1lqdYmOceSVAulxV7YuD7L,Nick Murphy / Chet Faker,2Q0MyH5YMI5HPQjFjlq5g3,221533,2xD7RvKFJl52xyds3wQFXQ,No Diggity,58,0.675,0.578,0.77,0.000178,2,0.101,-4.858,0,0.258,160.862,0.488
Jungle,7oZG5VZ4SukMmnylJ16O24,Jungle,59oA5WbbQvomJz2BuRG071,192405,5mHVURjIu3spVJSGjQ3kXS,Platoon,38,0.0447,0.638,0.834,0.411,5,0.0624,-7.52,1,0.0417,100.038,0.777
Kauai,5N6Jn6dBh0WqLzGfOPytgx,Childish Gambino,73sIBHcqh3Z3NyqHKZ7FOL,190906,5D75FuywOiKjfmpmmobk8v,The Palisades,0,0.00732,0.744,0.716,2.12e-06,8,0.128,-5.92,1,0.0591,100.048,0.454
Worth It (feat. Joyce Wrice),6Jbz7mg7VqEvHMM7O84ImL,Elujay,1CgbNAF3Stnz1Tpipu3xdO,241712,4tfyFSSliCwsxCAVUBWyD8,Worth It (feat. Joyce Wrice) (feat. Joyce Wrice),25,0.209,0.43,0.476,0.0,11,0.119,-11.212,0,0.121,86.378,0.228
The Sun's Tirade,6jjX8mGrsWtrpYpFhGMrg1,Isaiah Rashad,6aaMZ3fcfLv4tEbmY7bjRM,192029,5FX89IUKm9QJT9ymrmyK4k,Free Lunch,65,0.223,0.865,0.472,5.39e-05,11,0.109,-7.359,0,0.237,130.011,0.843
Bucket List Project,10UscF31tC7Sz8S2a1mGbM,Saba,7Hjbimq43OgxaBRpFXic4x,211296,0HU8CeTestQjoRF2ekaLqx,Stoney,59,0.295,0.735,0.639,0.0,6,0.108,-7.464,0,0.247,158.865,0.695
Yesterday's Gone,0tgsACxUMuBElueq2YRe1K,Loyle Carner,4oDjh8wNW5vDHyFRrDYC4k,187666,7HmCoTbkdV6BA8tPDBoyD9,Stars & Shards,1,0.273,0.808,0.856,0.0,9,0.0795,-6.464,0,0.307,100.196,0.68
Malibu,4VFG1DOuTeDMBjBLZT7hCK,Anderson .Paak,3jK9MiCrA42lLAdMGUZpwa,169726,276zciJ7Fg7Jk6Ta6QuLkp,Come Down,65,0.328,0.82,0.908,0.00155,10,0.296,-6.151,0,0.124,98.381,0.919
More Life,7Ix0FS4f1lK42C3rix5rHg,Drake,3TVXtAsR1Inumwj472S9r4,210937,5o2r7507gCOYdRMeR3noqZ,Fake Love,8,0.105,0.928,0.481,0.0,9,0.176,-9.35,0,0.287,134.007,0.613
Views,3hARKC8cinq3mZLLAEaBh9,Drake,3TVXtAsR1Inumwj472S9r4,245226,6F609ICg9Spjrw1epsAnpa,Controlla,12,0.0773,0.607,0.476,0.0,10,0.113,-11.076,0,0.249,122.976,0.347
Views,3hARKC8cinq3mZLLAEaBh9,Drake,3TVXtAsR1Inumwj472S9r4,263373,11KJSRSgaDxqydKYiD2Jew,Too Good,14,0.0573,0.804,0.648,3.49e-05,7,0.102,-7.805,1,0.117,117.983,0.392
Views,3hARKC8cinq3mZLLAEaBh9,Drake,3TVXtAsR1Inumwj472S9r4,173986,1xznGGDReH1oQq0xzbwXa3,One Dance,22,0.00784,0.791,0.619,0.00423,1,0.351,-5.886,1,0.0532,103.989,0.371
Apocalypse,2qqVy8a4qk9FCt00hal9vl,Thundercat,4frXpPxQQZwbCu3eTGnZEw,292658,75Eyv6gTsLyP80G9fEizmw,Lotus and the Jondy,28,0.19,0.369,0.86,0.637,6,0.0705,-9.618,1,0.0621,98.463,0.347
Quentin Tarantino’s Django Unchained Original Motion Picture Soundtrack,0m7dZQ6nLNjDI78hBmpG1L,James Brown,7GaxyUddsPok8BuhxN6OUW,171573,47Zqlw3jmibtVPy8usPjBj,Unchained (The Payback / Untouchable),61,0.128,0.563,0.917,8.47e-06,8,0.404,-4.753,1,0.158,92.074,0.573
The Documentary,0d0QL1mV66wpb9cBvCSF0G,The Game,0NbfKEOTQCcwd6o7wSDOHI,206400,60WcXjimfbhk6T0gj1Eufg,Hate It Or Love It,13,0.14,0.802,0.785,0.0,9,0.123,-4.781,1,0.207,99.998,0.435
The Documentary,0d0QL1mV66wpb9cBvCSF0G,The Game,0NbfKEOTQCcwd6o7wSDOHI,235533,6mZcNu9i8uhOYMiEAyEx81,How We Do,13,0.0455,0.862,0.648,0.0,4,0.0332,-7.401,0,0.251,98.012,0.637
2014 Forest Hills Drive,7viNUmZZ8ztn2UB4XB3jIL,J. Cole,6l3HvQ5sa6mXTsMTB19rO5,875306,01VGA34ATxwp0Xo1ldduo2,Note to Self,58,0.855,0.652,0.455,0.0,8,0.171,-8.673,1,0.115,83.151,0.325
Born Sinner,1NfrmcXk8xNennyxQ57JcW,J. Cole,6l3HvQ5sa6mXTsMTB19rO5,217240,7ncDwhSTgCZuL3OZNkvZ97,Niggaz Know,55,0.0334,0.709,0.687,1.7e-06,10,0.103,-7.394,0,0.174,138.046,0.327
Born Sinner,1NfrmcXk8xNennyxQ57JcW,J. Cole,6l3HvQ5sa6mXTsMTB19rO5,271813,5u89YD9CJMFVfFqUoeGy2P,New York Times,57,0.291,0.365,0.655,0.00037,8,0.164,-6.957,1,0.311,171.333,0.31
Cole World: The Sideline Story,4skqOUXyBUnzxVPNPxrGWV,J. Cole,6l3HvQ5sa6mXTsMTB19rO5,225960,20wR5XQpaL1uvVY8gmc4uY,Can't Get Enough,6,0.139,0.768,0.62,0.0,2,0.521,-7.399,1,0.0658,132.035,0.589
Cole World: The Sideline Story,4skqOUXyBUnzxVPNPxrGWV,J. Cole,6l3HvQ5sa6mXTsMTB19rO5,283066,7nWxZ1OWN4gtVH1mplNRxV,Dollar and a Dream III,0,0.516,0.42,0.726,0.0,3,0.0907,-7.113,0,0.415,76.585,0.316
4 Your Eyez Only,71DEqZQPK1OhGtZ9bNtbcc,J. Cole,6l3HvQ5sa6mXTsMTB19rO5,331480,6yIjZliWeKDstbA70wYwm0,Change,3,0.66,0.553,0.523,0.00102,11,0.0964,-10.602,0,0.254,96.113,0.232
4 Your Eyez Only,71DEqZQPK1OhGtZ9bNtbcc,J. Cole,6l3HvQ5sa6mXTsMTB19rO5,209080,63PJEtaDQNx3BfJTqEY39c,She's Mine Pt. 1,1,0.759,0.436,0.21,0.115,2,0.258,-15.099,1,0.0659,139.744,0.0485
4 Your Eyez Only,71DEqZQPK1OhGtZ9bNtbcc,J. Cole,6l3HvQ5sa6mXTsMTB19rO5,278920,2rAtKDT2787d8drfCuoNfY,She's Mine Pt. 2,1,0.774,0.476,0.195,0.00347,2,0.114,-15.176,1,0.113,64.639,0.048
4 Your Eyez Only,71DEqZQPK1OhGtZ9bNtbcc,J. Cole,6l3HvQ5sa6mXTsMTB19rO5,127880,6Czb2BTCg2CMjbKFYNGTap,For Whom The Bell Tolls,1,0.475,0.391,0.403,0.0,10,0.294,-11.002,0,0.0805,74.657,0.179
Get Rich Or Die Tryin',5G5rgQHzdQnw32SI0WjIo5,50 Cent,3q7HBObVc0L8jNeTe5Gofh,193466,7iL6o9tox1zgHpKUfh9vuC,In Da Club,77,0.255,0.899,0.713,0.0,6,0.0708,-2.752,0,0.366,90.051,0.777
Get Rich Or Die Tryin',5G5rgQHzdQnw32SI0WjIo5,50 Cent,3q7HBObVc0L8jNeTe5Gofh,269360,4Jp4T5gbCLQzGz545Jb3NY,High All The Time,51,0.0297,0.66,0.911,0.0,11,0.0696,-1.768,1,0.289,87.311,0.501
Get Rich Or Die Tryin',5G5rgQHzdQnw32SI0WjIo5,50 Cent,3q7HBObVc0L8jNeTe5Gofh,196626,6mcu7D7QuABVwUGDwovOEh,If I Can't,64,0.265,0.886,0.626,0.0,11,0.024,-2.528,0,0.277,93.989,0.856
Live. Places.,3vQAlZLKTfqw58pLB0gwHz,Youngblood Brass Band,5QJZUg9ngYII5FkgAGFgW7,425466,20D61egfxKE9pp3Ffx99Xz,Brooklyn,1,0.0778,0.427,0.879,0.184,5,0.869,-6.474,0,0.24,93.347,0.713
We Like It Here,4GzjQ0xXRlLl78ih481BUi,Snarky Puppy,7ENzCHnmJUr20nUjoZ0zZ1,645720,68d6ZfyMUYURol2y15Ta2Y,Lingus,54,0.147,0.457,0.776,0.676,9,0.689,-10.238,0,0.142,129.896,0.476
Whiplash (Original Motion Picture Soundtrack),7A0R962haXM0ULFWDlyq7u,John Wasson,3kfJcLXiDvbTG7qMQHVB6c,554889,14NEfQx2TKjP3sPO2MaxJI,Caravan,2,0.00605,0.423,0.748,0.835,8,0.0754,-9.982,1,0.0808,104.054,0.429
Blues & Roots,7EOQggjtK8JCqeRz9IG33e,Charles Mingus,1W8TbFzNS15VwsempfY12H,482959,3rFzc8CLVDZ7OOtFa2jPYP,Moanin',48,0.438,0.488,0.476,0.000279,5,0.11,-10.316,0,0.0497,110.951,0.583
We Like It Here,4GzjQ0xXRlLl78ih481BUi,Snarky Puppy,7ENzCHnmJUr20nUjoZ0zZ1,393053,1BWsQm7kOBjK2aSFYg5HQZ,Shofukan,52,0.0642,0.426,0.754,0.765,4,0.701,-9.125,0,0.074,167.42,0.228
Whiplash (Original Motion Picture Soundtrack),7A0R962haXM0ULFWDlyq7u,Hank Levy,542qEE4zFUrLQjWNMaOrbc,115288,49KJglv5FCTF9FYf8zJd3o,Whiplash,2,0.396,0.591,0.767,0.586,5,0.265,-4.673,1,0.0633,107.578,0.869
Curtis (Expanded Edition),3tgJmEz0R0ZsRSrpwafp4R,Curtis Mayfield,2AV6XDIs32ofIJhkkDevjm,535333,01gDLZsi0j5fWC28FLPNO8,Move on Up - Extended Version,65,0.141,0.584,0.975,0.501,11,0.101,-6.534,0,0.0651,138.341,0.876
Rock With The Hot 8 Brass Band,5a7ojhLaAaeiLqBeS3ej96,Hot 8 Brass Band,1lvVzEkQ4u72rrZ7bNUkcD,535013,7zEoae6QGC00PQodm9WId8,Sexual Healing,1,0.099,0.473,0.588,0.0653,1,0.0532,-3.419,1,0.0651,102.978,0.362
Chet Baker Sings,5JJ779nrbHx0KB2lBrMMa4,Chet Baker,3rxeQlsv0Sc2nyYaZ5W71T,141133,4l9hml2UCnxoNI3yCdL1BW,My Funny Valentine,61,0.941,0.438,0.00756,0.00643,0,0.109,-26.44,0,0.0382,133.32,0.277
We Like It Here,4GzjQ0xXRlLl78ih481BUi,Snarky Puppy,7ENzCHnmJUr20nUjoZ0zZ1,411573,41fiRrzEqGo4pTVqXYrfnz,Sleeper,46,0.0653,0.476,0.719,0.178,5,0.701,-9.451,0,0.091,149.902,0.3
Rock With The Hot 8 Brass Band,5a7ojhLaAaeiLqBeS3ej96,Hot 8 Brass Band,1lvVzEkQ4u72rrZ7bNUkcD,390546,2A8jNnjXdIVZL7ishxTFaZ,What's My Name (Rock With The Hot 8),0,0.424,0.601,0.733,0.023,10,0.319,-4.142,0,0.109,100.292,0.72
The Life And Time Of...,5BXBzcRl6mYw4yKlbNWSTV,Hot 8 Brass Band,1lvVzEkQ4u72rrZ7bNUkcD,253133,6v17POwEhOOqNuhV45CGPT,Ghost Town,0,0.216,0.568,0.681,0.287,1,0.309,-5.66,1,0.121,93.947,0.622
Chet Baker Sings,5JJ779nrbHx0KB2lBrMMa4,Chet Baker,3rxeQlsv0Sc2nyYaZ5W71T,201440,0F845nujLVqCb0XMZCh5Pc,I Fall In Love Too Easily - Vocal Version,65,0.94,0.532,0.0657,0.00488,0,0.0946,-19.136,0,0.0406,128.607,0.292
Mingus Mingus Mingus Mingus Mingus,7i3cnReSEEPTFeeTDiERyh,Charles Mingus,1W8TbFzNS15VwsempfY12H,289970,3oD3ifhUOGAk8UgGo1dVwZ,II B.S. - Edit,1,0.592,0.469,0.535,0.109,0,0.0898,-10.471,1,0.0536,107.133,0.724
Time Out,0nTTEAhCZsbbeplyDMIFuA,The Dave Brubeck Quartet,4iRZAbYvBqnxrbs6K25aJ7,324133,1YQWosTIljIvxAgHWTp7KP,Take Five,66,0.539,0.454,0.26,0.00078,8,0.0675,-13.193,0,0.0401,174.322,0.598
Kind Of Blue (Legacy Edition),4sb0eMpDn3upAFfyi4q2rw,Miles Davis,0kbYTNQb4Pb1rPbbaF0pT4,337733,0aWMVrwxPNYkKmFthzmpRi,Blue in Green,66,0.81,0.421,0.0161,0.0021,2,0.0978,-25.358,0,0.0374,110.926,0.16
groundUP,5py2d8sI1aB6wcCxXU7uKE,Snarky Puppy,7ENzCHnmJUr20nUjoZ0zZ1,542013,0iJeENttrA8iKssJMIbXkK,Young Stuff,0,0.131,0.412,0.49,0.896,5,0.668,-10.754,0,0.045,95.001,0.389
groundUP,5py2d8sI1aB6wcCxXU7uKE,Snarky Puppy,7ENzCHnmJUr20nUjoZ0zZ1,578106,49wGUI3kMeuHv0DhkgKlqt,Binky,0,0.0219,0.534,0.639,0.51,6,0.691,-8.948,0,0.0543,128.614,0.36
We Like It Here,4GzjQ0xXRlLl78ih481BUi,Snarky Puppy,7ENzCHnmJUr20nUjoZ0zZ1,405306,2Jim49nxjnjcTdyCJO4mr6,Outlier,43,0.0176,0.501,0.772,0.821,8,0.7,-9.7,1,0.085,134.912,0.48
The Baron,7hXlLxJOUuZHZyYRrdJQCI,Jamie N Commons,2FsZnS8gQ8jG1HGnPYNlm9,223584,6OWVC6TXnczAnMmdu3JL7d,The Preacher,38,0.2,0.369,0.491,0.0,5,0.156,-7.124,0,0.0372,142.519,0.306
The Walking Dead (AMC’s Original Soundtrack – Vol. 1),6dpT05za5nh7IQWtfBdfEK,Jamie N Commons,2FsZnS8gQ8jG1HGnPYNlm9,117426,3VLdNTLmKpXu79TMCeRbLO,Lead Me Home - The Walking Dead Soundtrack,3,0.795,0.537,0.279,0.000146,6,0.118,-11.028,1,0.0289,104.403,0.168
Rumble And Sway EP,0N8h1NKsNeYZuuze437mxo,Jamie N Commons,2FsZnS8gQ8jG1HGnPYNlm9,185533,5aagC9VbZrcwYUZDhgC8Ej,Rumble And Sway,48,0.106,0.645,0.821,5.38e-05,1,0.137,-4.912,1,0.248,79.986,0.682
Jamie N Commons,15MEGvuBSUO7nLFYOpDY7R,Jamie N Commons,2FsZnS8gQ8jG1HGnPYNlm9,206853,5pQBbNsXy9lUvskwfwq57u,Low Life - Acoustic,0,0.187,0.468,0.459,0.0,11,0.0606,-5.483,0,0.0289,137.566,0.302
The Baron,7hXlLxJOUuZHZyYRrdJQCI,Jamie N Commons,2FsZnS8gQ8jG1HGnPYNlm9,218586,6YB9FPMp66TtLW9eDHcujI,Nina,23,0.171,0.418,0.586,0.0115,1,0.136,-6.395,0,0.0553,176.426,0.454
Innocence & Decadence,58fHuT6aGtC3XquAaCsSC6,Graveyard,0hU5urLse5h1Z0b4zQkovL,275800,7dJVC2wjFU2xZlH5jwWWkQ,Stay for a Song,0,0.979,0.336,0.0259,9.44e-05,2,0.085,-17.945,0,0.0382,87.072,0.0372
Music For The Motion Picture Into The Wild,0iyWxTBrrClm4XW0pz5V7S,Eddie Vedder,0mXTJETA4XUa12MmmXxZJh,236306,4kRGpTEcDdZTAbc645OL2U,Society,13,0.895,0.64,0.33,0.000585,11,0.112,-10.848,0,0.0321,80.706,0.296
Music For The Motion Picture Into The Wild,0iyWxTBrrClm4XW0pz5V7S,Eddie Vedder,0mXTJETA4XUa12MmmXxZJh,156453,20fLC33a0WZKS6nSAv92yy,Rise,3,0.907,0.404,0.584,0.205,7,0.133,-6.861,1,0.0548,173.078,0.55
Music For The Motion Picture Into The Wild,0iyWxTBrrClm4XW0pz5V7S,Eddie Vedder,0mXTJETA4XUa12MmmXxZJh,321760,0Zf5BJahvBQ6yLoCR6fPko,Hard Sun,6,0.0533,0.441,0.828,0.000328,8,0.325,-6.544,1,0.0331,143.395,0.643
In Between Dreams,2B9q4KPjOEYu885Keo9dfX,Jack Johnson,3GBPw9NK25X1Wt2OUvOwY3,207680,2iXdwVdzA0KrI2Q0iZNJbX,Better Together,77,0.298,0.871,0.346,9.24e-06,5,0.108,-9.481,1,0.0522,110.049,0.659
In Between Dreams,2B9q4KPjOEYu885Keo9dfX,Jack Johnson,3GBPw9NK25X1Wt2OUvOwY3,183720,1dnXuEuApvuVqQCn0v9McL,"Sitting, Waiting, Wishing",69,0.227,0.766,0.547,1.5e-05,0,0.104,-7.25,1,0.0264,105.01,0.556
In Between Dreams,2B9q4KPjOEYu885Keo9dfX,Jack Johnson,3GBPw9NK25X1Wt2OUvOwY3,191906,0BgbobvykXxEvxo2HhCuvM,Banana Pancakes,73,0.602,0.814,0.373,1.75e-05,7,0.0931,-8.017,1,0.116,114.55,0.632
Vitalogy,5pd9B3KQWKshHw4lnsSLNy,Pearl Jam,1w5Kfo2jwwIPruYS2UWh56,268586,2B98ljvzqpCVgt5reTHq28,Better Man - Remastered,67,0.165,0.445,0.671,1.56e-05,2,0.0791,-7.937,1,0.0387,125.712,0.267
Sigh No More,7GiLJfRPHARQrRJf01P2Tt,Mumford & Sons,3gd8FJtBJtkRxdfbTu19U2,217986,3pLTOP0G0etiWUknFoRpsr,The Cave,21,0.0606,0.576,0.486,0.000143,4,0.093,-9.364,1,0.0406,141.951,0.337
Backspacer,5pGKourRchGRrTKZxgpNCD,Pearl Jam,1w5Kfo2jwwIPruYS2UWh56,215500,2m2dgHoAEZUkmxamsOwyQg,Just Breathe,14,0.721,0.473,0.348,7.42e-05,0,0.0827,-11.1,1,0.0288,107.819,0.283
The Original Albums…Plus,1tqZDKhoWY7xa1JY4Ta6Me,Jim Croce,1R6Hx1tJ2VOUyodEpC12xM,230213,4oW5GocSTgcpbihQbQGX8D,Operator (That's Not The Way It Feels),0,0.763,0.688,0.454,8.56e-06,7,0.0897,-11.649,1,0.0336,129.975,0.831
The Original Albums…Plus,1tqZDKhoWY7xa1JY4Ta6Me,Jim Croce,1R6Hx1tJ2VOUyodEpC12xM,148586,3RKHTaha0FPoaOfpMXpQkJ,Time In A Bottle,3,0.886,0.532,0.154,0.0,2,0.108,-16.841,1,0.038,134.066,0.58
The Definitive Croce,2QdEkhOXvWQnHgyUEIvgV7,Jim Croce,1R6Hx1tJ2VOUyodEpC12xM,190639,4slAb4LDW7puHxO1SxBAtW,I Got a Name,0,0.767,0.53,0.761,0.000135,4,0.0705,-9.719,1,0.0385,86.557,0.688
Quentin Tarantino’s Django Unchained Original Motion Picture Soundtrack,0m7dZQ6nLNjDI78hBmpG1L,Brother Dege,62r8B0snN5IPw8SwCJTEXR,223213,43JngJ3vMsaTL8SiRwEYQp,Too Old To Die Young,53,0.0477,0.735,0.578,0.00023,2,0.231,-6.329,0,0.0292,111.99,0.736
Inside In / Inside Out,03JPFQvZRnHHysSZrSFmKY,The Kooks,1GLtl8uqKmnyCWxHmw9tL4,203506,7BHPGtpuuWWsvE7cCaMuEU,Naive,75,0.0759,0.391,0.808,0.0,8,0.149,-6.209,0,0.0892,100.304,0.737
Inside In / Inside Out,03JPFQvZRnHHysSZrSFmKY,The Kooks,1GLtl8uqKmnyCWxHmw9tL4,99226,6ZygaqgtPkiahkiYJhYWhn,Seaside,65,0.705,0.629,0.422,0.0,10,0.124,-8.542,0,0.0411,129.456,0.325
Inside In / Inside Out,03JPFQvZRnHHysSZrSFmKY,The Kooks,1GLtl8uqKmnyCWxHmw9tL4,169306,5xoUgPXbMNUmoHU0Enwtwq,She Moves In Her Own Way,72,0.239,0.41,0.803,0.0,7,0.103,-5.363,1,0.0623,153.315,0.814
The Best Of... So Far,0Yjqw4H8s9AL2dn6NzZwHj,The Kooks,1GLtl8uqKmnyCWxHmw9tL4,134906,5g56bV1M2Rr3GaMWrd4WLe,Sofa Song,0,0.0122,0.323,0.941,3.44e-05,8,0.269,-4.333,0,0.151,160.11,0.771
The Best Of... So Far,0Yjqw4H8s9AL2dn6NzZwHj,The Kooks,1GLtl8uqKmnyCWxHmw9tL4,209586,6aLJ6bSpt3TN46raZ6QIx9,Is It Me,0,0.0267,0.314,0.873,3.33e-05,11,0.118,-6.207,1,0.0911,154.8,0.486
The Best Of... So Far,0Yjqw4H8s9AL2dn6NzZwHj,The Kooks,1GLtl8uqKmnyCWxHmw9tL4,155546,4q2VEshiq3kRonkIvflpay,You Don't Love Me,0,0.00381,0.318,0.919,0.0,11,0.127,-4.554,0,0.0595,166.477,0.741
Django Unchained,7ktRP7EEqYfOlTg9mHjIv9,Rob Starr & The Hollywood Singers and Orchestra,7fABSorMTHnVGnxRIA4qmu,238340,5UJGLQP5jfMZ5Ag1PpXO9o,Who Did That to You,42,0.0375,0.542,0.675,0.000221,0,0.369,-4.729,1,0.0258,101.752,0.212
Django Unchained,7ktRP7EEqYfOlTg9mHjIv9,Rob Starr & The Hollywood Singers and Orchestra,7fABSorMTHnVGnxRIA4qmu,260884,5Q0uilamiVtrGSeqVPN9Dn,Freedom,53,0.555,0.619,0.362,1.36e-06,1,0.114,-7.647,0,0.0264,103.028,0.144
Unorthodox Jukebox,58ufpQsJ1DS5kq4hhzQDiI,Bruno Mars,0du5cEVh5yTK9QJze8zA0C,233478,3w3y8KPTfNeOKPiqUTakBh,Locked Out of Heaven,78,0.049,0.726,0.698,0.0,5,0.309,-4.165,1,0.0431,143.994,0.867
Unorthodox Jukebox,58ufpQsJ1DS5kq4hhzQDiI,Bruno Mars,0du5cEVh5yTK9QJze8zA0C,178560,55h7vJchibLdUkxdlX3fK7,Treasure,76,0.0412,0.874,0.692,7.24e-05,5,0.324,-5.28,0,0.0431,116.017,0.937
The Essential R. Kelly,5ruZPk2RxBoRzzwYswpXXs,R. Kelly,2mxe0TnaNL039ysAj51xPQ,186040,3zSCNTXI7Ed0PiidZVmzIe,Ignition - Remix,64,0.0549,0.778,0.549,0.0,1,0.0724,-6.144,1,0.0473,133.041,0.802
The Essential R. Kelly,5ruZPk2RxBoRzzwYswpXXs,R. Kelly,2mxe0TnaNL039ysAj51xPQ,330600,6w1DBbA8akxHPiBQ6nAyJq,I'm a Flirt Remix (feat. T.I. & T-Pain),64,0.0716,0.835,0.571,0.0,8,0.0604,-4.771,0,0.102,138.038,0.902
The Essential R. Kelly,5ruZPk2RxBoRzzwYswpXXs,R. Kelly,2mxe0TnaNL039ysAj51xPQ,253853,6DlbfXDexJ2sj4aEW5ODWP,Same Girl (with Usher),35,0.488,0.666,0.602,0.0,6,0.0578,-4.407,1,0.173,139.856,0.812
The 20/20 Experience (Deluxe Version),0O82niJ0NpcptYRxogeEZu,Justin Timberlake,31TPClRtHm23RisEBtV3X7,484146,4rHZZAmHpZrA3iH5zx8frV,Mirrors,77,0.234,0.574,0.512,0.0,5,0.0946,-6.664,0,0.0503,76.899,0.512
Justified,6QPkyl04rXwTGlGlcYaRoW,Justin Timberlake,31TPClRtHm23RisEBtV3X7,267266,1AWQoqb9bSvzTjaLralEkT,Rock Your Body,73,0.202,0.891,0.714,0.000234,4,0.0521,-6.055,0,0.14,100.972,0.818
The 20/20 Experience - The Complete Experience,3Xli4SFIUo8GAr4f6yORHr,Justin Timberlake,31TPClRtHm23RisEBtV3X7,326280,7jDrXytETzwnohhLL3J1A0,Suit & Tie,1,0.103,0.795,0.596,0.0,11,0.164,-3.799,0,0.219,101.985,0.357
FutureSex/LoveSounds,51lCQxAHpJHuqvvK0z12zp,Justin Timberlake,31TPClRtHm23RisEBtV3X7,448573,76D83dghHeE2NFedPFD4tf,What Goes Around.../...Comes Around (Interlude),11,0.122,0.687,0.723,0.00102,7,0.573,-4.751,1,0.0709,76.0,0.432
I Don't Mind (feat. Juicy J),5BAqg5IJQ7XFKfdoCiOlJw,Usher,23zg3TcAtWQy7J6upgbUnj,251989,7aXuop4Qambx5Oi3ynsKQr,I Don't Mind (feat. Juicy J),71,0.205,0.87,0.464,0.0,4,0.0902,-8.337,1,0.178,112.974,0.457
Looking 4 Myself (Deluxe Version),4YPSP5Mi5C0vdbgLTaYucB,Usher,23zg3TcAtWQy7J6upgbUnj,232906,6cNajGUxKP53LIg0LzlfQt,Climax,6,0.547,0.647,0.478,2.69e-05,8,0.156,-8.837,1,0.0782,135.877,0.333
Confessions (Expanded Edition),1RM6MGv6bcl6NrAG8PGoZk,Usher,23zg3TcAtWQy7J6upgbUnj,223440,68vgtRHr7iZHpzGpon6Jlo,My Boo,78,0.257,0.662,0.507,0.0,5,0.0465,-8.238,1,0.118,86.412,0.676
Hotline Bling,2rTxwqA6v4lccbPKD31CQI,Drake,3TVXtAsR1Inumwj472S9r4,267023,1UfBAJfmofTffrae5ls6DA,Hotline Bling,10,0.00226,0.893,0.639,0.000315,2,0.0382,-7.857,1,0.0549,134.963,0.579
channel ORANGE (Explicit Version),623Ef2ZEB3Njklix4PC0Rs,Frank Ocean,2h93pZq0e7k5yf4dywlkpM,200746,5mphdlILgAq3vh1MSvAJTS,Thinkin Bout You,72,0.384,0.716,0.349,0.00222,0,0.098,-11.203,1,0.0498,129.795,0.203
channel ORANGE (Explicit Version),623Ef2ZEB3Njklix4PC0Rs,Frank Ocean,2h93pZq0e7k5yf4dywlkpM,194840,6RBAJlxHY9Ulvw2y7yk4aX,Forrest Gump,63,0.0761,0.685,0.404,0.000846,9,0.386,-7.888,1,0.0327,94.988,0.194
Beauty Behind The Madness,28ZKQMoNBB0etKXZ97G2SN,The Weeknd,1Xyo4u8uXC1ZmMpatF05PJ,213520,6RsWqX8zABZLhZydXxEFOm,Can't Feel My Face,19,0.124,0.702,0.77,0.0,9,0.103,-5.416,0,0.0482,107.951,0.593
Beauty Behind The Madness,28ZKQMoNBB0etKXZ97G2SN,The Weeknd,1Xyo4u8uXC1ZmMpatF05PJ,242253,25khomWgBVamSdKw7hzm3l,The Hills,15,0.0861,0.356,0.567,0.0,0,0.137,-7.011,0,0.0798,135.553,0.109
Trilogy,7g9RcHiOu1Di3B4Js96Fz5,The Weeknd,1Xyo4u8uXC1ZmMpatF05PJ,323746,137wbDM4s2ugav7MKO45O9,Wicked Games,8,0.0113,0.409,0.579,5.24e-06,11,0.368,-5.156,0,0.0387,111.426,0.316
Trilogy,7g9RcHiOu1Di3B4Js96Fz5,The Weeknd,1Xyo4u8uXC1ZmMpatF05PJ,459386,5fEWugSKjh5I5DQHl5tkFc,The Party & The After Party,2,0.46,0.673,0.659,0.0,5,0.117,-7.26,0,0.112,101.804,0.403
R.E.D. (Deluxe Edition),4HPdvrPf9RGfJ2hNYrODpC,Ne-Yo,21E3waRsmPlU7jZsS13rcj,251626,4kte3OcW800TPvOVgrLLj8,Let Me Love You (Until You Learn To Love Yourself),69,0.25,0.664,0.661,0.0,5,0.511,-6.559,1,0.0337,124.917,0.269
In My Own Words,1WO7bigEZckVrkzPBjAsiQ,Ne-Yo,21E3waRsmPlU7jZsS13rcj,207186,4SRqDmPxYX0pUb5B5ut2Ri,So Sick,17,0.246,0.452,0.574,0.0,6,0.189,-8.336,1,0.31,92.791,0.58
Year Of The Gentleman,1nv3KEXZPmcwOXMoLTs1vn,Ne-Yo,21E3waRsmPlU7jZsS13rcj,232000,6glklpxk7EtKIdxA3kYQS5,Miss Independent,11,0.48,0.668,0.673,0.0,1,0.194,-5.714,1,0.145,171.812,0.727
Libra Scale,1HvI9ih0NWqNwqh6iard31,Ne-Yo,21E3waRsmPlU7jZsS13rcj,243226,1mr3SqpaUKSaV2gOyt6hgC,One In A Million,3,0.115,0.761,0.797,2.13e-06,11,0.329,-5.942,1,0.0381,100.023,0.635
Because Of You,48ben69fRtEbMTGqGYU8Qw,Ne-Yo,21E3waRsmPlU7jZsS13rcj,266840,0C80KJWvQWIGjbOiIurV1W,Because Of You,9,0.528,0.81,0.538,0.0,0,0.0951,-5.784,0,0.0356,109.97,0.828
Me Ama - Mama,1XK2eh4rlBW1yiTUzxjSG0,Valesca Popozuda,0IpLJsvZHA1op1pw8GAoPu,230478,6zyL6I6jYjTgNInFigLOEX,Me Ama - Mama,31,0.618,0.542,0.577,0.0,11,0.0884,-9.263,1,0.0424,148.085,0.662
Make Love,5gidFWcfdDFXffy5DDFDhZ,Ines Brasil,2iFjKkOCRwUqRv31DRwUhk,203132,5TKrlEX8tzSgKISp9eKWHz,Make Love,19,0.187,0.845,0.651,0.0,9,0.11,-5.348,0,0.0596,130.03,0.79
Rio super funk (Volume 1),13sDCyVXrSKAKp1sI6rHUS,Dona gigi,1X7c3GRw7avMgsk7jTe9lo,202013,2KGjEzCBxCv7dt9pefTi7e,Os caçadores,0,0.659,0.938,0.88,0.0,9,0.0361,-4.752,1,0.328,129.051,0.914
Rio super funk (Volume 1),13sDCyVXrSKAKp1sI6rHUS,Mc tati quebra baraco,0g9xMkJDlAq1c70qzhn8tF,164226,3i2lwh4ZwTFiVmDWDb9DnC,Atoladinha,0,0.0392,0.906,0.744,1.46e-06,11,0.0413,-7.561,0,0.225,128.068,0.884
Rio super funk (Volume 1),13sDCyVXrSKAKp1sI6rHUS,MC Marcinho,3ZJCmnY5iUo1M0UFFWDXGf,209013,2PSsjdKe42nE7gZYA1c6fu,Rap glamurosa,0,0.0933,0.812,0.796,0.000603,7,0.122,-6.322,1,0.038,130.061,0.96
Baile de Favela,6jp38MF2GHeiWB83rlsQv7,Mc João,0bNbdA9OJv2luvEQDYYyZP,173002,5oNdTrafZ0joNCikz1Vdjd,Baile de Favela,55,0.234,0.832,0.69,0.0,2,0.183,-5.347,1,0.141,130.411,0.596
Kelly Key,44buqXZU1Ii8UfIazuPtkj,Kelly Key,5g0Xoyr7uIlAYCkpgsFhJH,224893,2coxlAb4MdWJ9br51D0qn7,Baba,52,0.0418,0.968,0.6,0.0,11,0.0585,-5.679,0,0.0981,111.951,0.907
"Os Melhores Funks da Furacão 2000, Vol.1",0MnkmMNOqg4MZsipU8MrUF,Os Leleks,48QyoqQgVaSaNJKn6J8Ltb,174565,4UArceAskfrfcttz7GC5kh,Passinho do Volante,39,0.467,0.9,0.864,0.0,2,0.0895,-1.4,0,0.335,129.948,0.872
"Os Melhores Funks da Furacão 2000, Vol.1",0MnkmMNOqg4MZsipU8MrUF,Valesca Popozuda,0IpLJsvZHA1op1pw8GAoPu,222222,0tOjswPFjpqVQXKaT5OwuL,Agora Tô Solteira,50,0.277,0.923,0.891,0.0,11,0.468,-5.694,0,0.159,130.005,0.872
"Tá Tranquilo, Tá Favorável",570Y9gjImTqqZ3tnwcmo5N,MC Bin Laden,2PC0CLpUsoEQPNIZKg2ZX0,251216,1Wsyt5It2PYnht0aDYcNyR,"Tá Tranquilo, Tá Favorável",50,0.584,0.621,0.481,0.0,10,0.106,-5.082,0,0.397,172.397,0.37
Vem Ne Mim,2MFpkPwvZn1UEoPy6niXJg,Vingadora,7mP8fPbxbcw0iLEO47t2lM,159346,5daPObs4UbM8ZGecl0NIVz,Paredão Metralhadora,43,0.37,0.883,0.867,0.0,7,0.234,-2.348,1,0.0733,137.941,0.962
20 Super Sucessos,2kvuhtZySnxgMw0lIoPs1i,Saia Rodada,0xcSCzG87AgHso0rLl4die,198936,2h3iMryGa2sybWNpmaPMeH,Coelhinho,42,0.757,0.743,0.954,0.0,9,0.155,-4.452,1,0.0486,94.884,0.967
Malandramente,23TjtX6Ibz6fbK1pmLhPjC,Dennis DJ,6xlRSRMLgZbsSNd0BMobwy,171692,7DRP2VOMpy1rrk3iYFLCW9,Malandramente,57,0.177,0.91,0.804,0.0,9,0.203,-4.76,0,0.0996,129.929,0.712
Na Ponta Ela Fica,6gF531wpZQpmM84C9vaEjW,Delano,5TmW0cFVEYEbypgTdSNNDn,154026,1OtZIaJBXo3Pe6nfaMsjKT,Na Ponta Ela Fica,58,0.288,0.843,0.569,8.83e-05,7,0.0643,-10.713,1,0.278,95.075,0.947
As Novinha Tão Sensacional,5UcDZv6Po9IvWxnloI6e2h,Mc Romântico,0SzjSwhEyrQikO7g9TkIo0,144000,1sccdFsL9RKiV9AJfxAB3Z,As Novinha Tão Sensacional,45,0.261,0.839,0.719,1.96e-05,1,0.0641,-3.774,1,0.248,95.053,0.598
Mc Kekel,1iCRrZ27im2sPMrcCOkgR9,MC Kekel,2ZXnTEyYopSLCDiz5Z0XIf,165696,5sdnNP8Dsa8hCUkz3BNuG9,Namorar pra Que,45,0.275,0.56,0.604,0.0,6,0.151,-9.292,0,0.361,86.172,0.777
Mc Kekel,1iCRrZ27im2sPMrcCOkgR9,MC Kekel,2ZXnTEyYopSLCDiz5Z0XIf,171240,1LTxGBL6yKtfmW3K8EvbSY,Partiu,54,0.601,0.825,0.83,0.00105,6,0.064,-5.169,1,0.0593,129.911,0.758
O Grave Bater,45flnIWcOtLPij1pv65BTm,MC Kevinho,1mXAhKnZEdF6rotyyd4GBi,181894,1bUazU9SSOh02AdlOPeTvm,O Grave Bater,62,0.468,0.91,0.741,7.63e-05,11,0.055,-2.294,0,0.0565,95.008,0.793
Olha a Explosão,4QKoUnOfhE67ZxyCPVSnrY,MC Kevinho,1mXAhKnZEdF6rotyyd4GBi,161593,6m2LNopVJKsvBB9l7Z1rwn,Olha a Explosão,70,0.104,0.766,0.62,0.0,6,0.0796,-2.887,1,0.127,89.988,0.367
Tumbalatum,2sAfk4KJnLceI6vmnw8uKS,MC Kevinho,1mXAhKnZEdF6rotyyd4GBi,123001,4aAq1afusFG6jRiOSHQZvN,Tumbalatum,57,0.576,0.94,0.76,8.31e-06,1,0.0593,-1.632,1,0.318,129.948,0.878
West Ryder Pauper Lunatic Asylum,2DHGeuRTttjurZDb0pSjx6,Kasabian,11wRdbnoYqRddKBrpHt4Ue,315013,31Nc0X5M29QssTnYAcOGbH,West Ryder Silver Bullet,38,0.457,0.574,0.497,0.00214,11,0.3,-9.531,0,0.0392,106.016,0.396
West Ryder Pauper Lunatic Asylum,2DHGeuRTttjurZDb0pSjx6,Kasabian,11wRdbnoYqRddKBrpHt4Ue,277466,3PbsDnKdrZY0ttX7VE9s5R,Underdog,64,0.0604,0.526,0.894,1.33e-06,5,0.582,-5.407,0,0.0543,101.017,0.653
West Ryder Pauper Lunatic Asylum,2DHGeuRTttjurZDb0pSjx6,Kasabian,11wRdbnoYqRddKBrpHt4Ue,252279,0Ln5tJyLX5qusquBOtq7wf,Fire,66,0.0874,0.525,0.741,0.147,10,0.117,-5.643,1,0.0311,117.031,0.179
Kasabian,0VyDvw4MT9XDoSzE24yBCc,Kasabian,11wRdbnoYqRddKBrpHt4Ue,214373,6C0xucNj75wRdlejwWIEW1,Club Foot,64,0.0257,0.237,0.919,2.31e-05,0,0.0914,-6.893,1,0.0814,101.758,0.123
Kasabian/Empire,4RVNd8UwGiAqzfPjbgv0O3,Kasabian,11wRdbnoYqRddKBrpHt4Ue,196853,0w21XZhGlmIexgtDpmtnzT,L.S.F.,42,0.00754,0.617,0.754,0.000173,9,0.256,-7.395,1,0.0363,105.281,0.397
Kasabian/Empire,4RVNd8UwGiAqzfPjbgv0O3,Kasabian,11wRdbnoYqRddKBrpHt4Ue,187773,1mELhA2LJi8xSUhwYfsFcF,Processed Beats,32,0.00131,0.653,0.733,0.0143,1,0.177,-8.882,0,0.0245,106.756,0.623
Kasabian/Empire,4RVNd8UwGiAqzfPjbgv0O3,Kasabian,11wRdbnoYqRddKBrpHt4Ue,277360,5JQQQglMJqK8M1DQgB6zkR,Cutt Off,21,0.0696,0.414,0.648,0.0339,0,0.0476,-7.894,0,0.0346,89.909,0.271
Kasabian/Empire,4RVNd8UwGiAqzfPjbgv0O3,Kasabian,11wRdbnoYqRddKBrpHt4Ue,232986,7yZTClVYHmNXTFXY55hh7z,Empire,32,0.0028,0.492,0.908,9.67e-05,4,0.31,-4.899,0,0.113,120.053,0.276
Kasabian/Empire,4RVNd8UwGiAqzfPjbgv0O3,Kasabian,11wRdbnoYqRddKBrpHt4Ue,148733,1XpKGPSbWsXKxFuqcI5a50,Me Plus One,17,0.142,0.522,0.907,0.195,9,0.12,-3.797,1,0.0715,134.859,0.72
West Ryder Pauper Lunatic Asylum,2DHGeuRTttjurZDb0pSjx6,Kasabian,11wRdbnoYqRddKBrpHt4Ue,258200,2mqB7fvAVhz2aFB0c5ra2S,Where Did All the Love Go?,55,0.0088,0.656,0.832,0.0137,1,0.328,-5.13,1,0.0304,134.008,0.709
AM,41vPD50kQ7JeamkxQW7Vuy,Arctic Monkeys,7Ln80lUS6He07XvHI8qqHH,272386,2UzMpPKPhbcC8RbsmuURAZ,Do I Wanna Know?,11,0.174,0.55,0.532,0.000347,5,0.218,-7.591,1,0.032,85.032,0.41
AM,41vPD50kQ7JeamkxQW7Vuy,Arctic Monkeys,7Ln80lUS6He07XvHI8qqHH,201733,7Jzsc04YpkRwB1zeyM39wE,R U Mine?,5,0.00708,0.509,0.763,0.0,11,0.224,-5.724,0,0.0302,97.076,0.635
AM,41vPD50kQ7JeamkxQW7Vuy,Arctic Monkeys,7Ln80lUS6He07XvHI8qqHH,206040,7Hk6vSplBGJ6zK9GcGgeIa,One for the Road,1,0.24,0.414,0.664,0.0656,0,0.288,-6.87,1,0.0379,183.67,0.863
AM,41vPD50kQ7JeamkxQW7Vuy,Arctic Monkeys,7Ln80lUS6He07XvHI8qqHH,184346,1bOxsHWMVCf3vAfFMZJvGi,I Want It All,0,0.000824,0.507,0.847,0.0601,5,0.067,-5.591,1,0.0339,131.017,0.384
AM,41vPD50kQ7JeamkxQW7Vuy,Arctic Monkeys,7Ln80lUS6He07XvHI8qqHH,257573,0pKrMTlDlW54abYkdBsgxj,Knee Socks,1,0.137,0.669,0.54,0.00374,11,0.339,-8.322,0,0.0339,97.993,0.549
AM,41vPD50kQ7JeamkxQW7Vuy,Arctic Monkeys,7Ln80lUS6He07XvHI8qqHH,184026,0ryEyJ994SqdJwGJXyS1SF,I Wanna Be Yours,2,0.124,0.483,0.42,0.0163,0,0.107,-9.403,0,0.0272,135.175,0.435
AM,41vPD50kQ7JeamkxQW7Vuy,Arctic Monkeys,7Ln80lUS6He07XvHI8qqHH,192880,63otWg6eWBt3ldXFtDJiXN,Snap Out of It,2,0.194,0.721,0.627,0.0,5,0.112,-6.471,0,0.0332,130.012,0.901
AM,41vPD50kQ7JeamkxQW7Vuy,Arctic Monkeys,7Ln80lUS6He07XvHI8qqHH,161133,4kTd0TND65MUY4BlcmJ2cM,Why'd You Only Call Me When You're High?,3,0.0423,0.698,0.627,7.16e-06,2,0.0834,-6.481,1,0.036,91.989,0.796
Favourite Worst Nightmare,4jKGRliQXa5VwxKOsiCbfL,Arctic Monkeys,7Ln80lUS6He07XvHI8qqHH,193226,3ViMAvyCcmbRauKuoP2GJm,Old Yellow Bricks,2,0.000147,0.66,0.837,6.62e-06,0,0.0788,-4.315,1,0.0682,135.158,0.757
"Whatever People Say I Am, That's What I'm Not",2PXlvqTzGBNetlGct7L5e6,Arctic Monkeys,7Ln80lUS6He07XvHI8qqHH,173680,0S7zL7ae0KpOSPKeFQpHo8,I Bet You Look Good On The Dancefloor,11,0.00225,0.535,0.948,0.0,6,0.376,-4.19,0,0.0356,103.183,0.778
"Whatever People Say I Am, That's What I'm Not",2PXlvqTzGBNetlGct7L5e6,Arctic Monkeys,7Ln80lUS6He07XvHI8qqHH,193426,7vhlwjoNX2gsC4YF1wnUmX,From The Ritz To The Rubble,1,0.00147,0.216,0.882,0.0,11,0.308,-5.176,0,0.0439,189.286,0.656
"Whatever People Say I Am, That's What I'm Not",2PXlvqTzGBNetlGct7L5e6,Arctic Monkeys,7Ln80lUS6He07XvHI8qqHH,268626,3gYr4NDoTEOUsHzxfttYPK,Perhaps Vampires Is A Bit Strong But…,0,0.000293,0.371,0.914,8.75e-05,11,0.0852,-4.917,0,0.081,134.982,0.394
"Whatever People Say I Am, That's What I'm Not",2PXlvqTzGBNetlGct7L5e6,Arctic Monkeys,7Ln80lUS6He07XvHI8qqHH,177946,5vefQfYc9Oxn8VHfgUCi1q,Fake Tales Of San Francisco,2,0.00998,0.454,0.778,0.0,9,0.0427,-4.225,1,0.0449,127.158,0.704
"Whatever People Say I Am, That's What I'm Not",2PXlvqTzGBNetlGct7L5e6,Arctic Monkeys,7Ln80lUS6He07XvHI8qqHH,175440,7iqTu4OPL3KYs4FMdtLZsy,Mardy Bum,5,0.0288,0.634,0.599,0.0,2,0.197,-5.447,1,0.0365,112.215,0.312
Suck It and See,7wq5vhqramVPzjArlmr70k,Arctic Monkeys,7Ln80lUS6He07XvHI8qqHH,225986,4tBgcKC4ulR8KKQDzh8ViW,Suck It and See,0,0.00105,0.339,0.932,0.114,4,0.255,-5.017,1,0.057,128.291,0.586
"Whatever People Say I Am, That's What I'm Not",2PXlvqTzGBNetlGct7L5e6,Arctic Monkeys,7Ln80lUS6He07XvHI8qqHH,134933,6sX68MHBh0nqvHCr1uDTC1,Riot Van,1,0.358,0.593,0.333,0.0,9,0.245,-14.342,1,0.046,103.537,0.258
Favourite Worst Nightmare,7tIEC7CUNg4Pglz7rCqJ93,Arctic Monkeys,7Ln80lUS6He07XvHI8qqHH,253223,1FJ7sEf02HAmfVTEfQvmOV,505,0,0.00236,0.528,0.869,5.35e-05,0,0.0885,-5.803,1,0.0578,140.249,0.227
Favourite Worst Nightmare,4jKGRliQXa5VwxKOsiCbfL,Arctic Monkeys,7Ln80lUS6He07XvHI8qqHH,209253,2bZ7OXzULD6d6qr137kR83,Do Me a Favour,1,0.00013,0.469,0.738,0.0577,11,0.078,-6.638,0,0.0619,180.15,0.624
xx,2nXJkqkS1tIKIyhBcFMmwz,The xx,3iOvXCl6edW5Um0fXEBRXy,201946,6rxEjkoar48SssZePbtb2x,Crystalised,67,0.818,0.765,0.486,0.374,11,0.084,-12.379,0,0.0309,122.908,0.422
xx,2nXJkqkS1tIKIyhBcFMmwz,The xx,3iOvXCl6edW5Um0fXEBRXy,160720,2SMn57cBVxoD4TArscpovk,Islands,63,0.749,0.863,0.474,0.183,4,0.147,-11.103,1,0.0712,124.038,0.668
Coexist,2cRMVS71c49Pf5SnIlJX3U,The xx,3iOvXCl6edW5Um0fXEBRXy,218586,7DImv0qWPEiAYUPJ0yKuDd,Sunset,57,0.557,0.835,0.182,0.456,2,0.113,-15.876,1,0.0762,119.98,0.369
Elephant,0rRNLpdA8nA8Sm8Fk490b9,The White Stripes,4F84IBURUo98rz4r61KF70,231920,3m6KkYKdnbffMpGd9Pm9FP,Seven Nation Army,25,0.00666,0.745,0.466,0.35,4,0.272,-7.62,0,0.0864,123.889,0.303
Is This It,2yNaksHgeMQM9Quse463b5,The Strokes,0epOFNiUfyON9EYx7Tpr6V,193506,7kzKAuUzOITUauHAhoMoxA,Last Nite,73,0.0285,0.624,0.91,0.000198,0,0.0789,-5.703,1,0.0297,104.042,0.767
Room On Fire,3HFbH1loOUbqCyPsLuHLLh,The Strokes,0epOFNiUfyON9EYx7Tpr6V,219753,57Xjny5yNzAcsxnusKmAfA,Reptilia,73,0.000563,0.486,0.666,0.789,9,0.101,-5.084,1,0.033,157.992,0.741
Angles,6Jx4cGhWHewTcfKDJKguBQ,The Strokes,0epOFNiUfyON9EYx7Tpr6V,235546,6u0x5ad9ewHvs3z6u9Oe3c,Under Cover of Darkness,69,0.00419,0.357,0.775,0.285,11,0.0676,-3.364,1,0.054,199.853,0.589
Demon Days,0bUTHlWbkSQysoM3VsWldT,Gorillaz,3AA28KZvwAUcZuOKwyblJQ,222640,0d28khcov6AiegSCpG5TuT,Feel Good Inc.,81,0.00836,0.818,0.705,0.00233,6,0.613,-6.679,1,0.177,138.559,0.772
Franz Ferdinand,0mUEGMT2YlzCWGeWOJjBKD,Franz Ferdinand,0XNa1vTidXlvJ2gHSsRi4A,237026,6ooluO7DiEhI1zmK94nRCM,Take Me Out,75,0.000423,0.278,0.676,0.000899,9,0.136,-8.821,1,0.0371,104.545,0.494
Built on Glass,2ytxqdwQ0Hn9JeQmcIWHuh,Nick Murphy / Chet Faker,2Q0MyH5YMI5HPQjFjlq5g3,285255,1g7zNtcGrWt8gcBRwDQEkf,Gold,63,0.397,0.502,0.507,0.000744,1,0.151,-9.296,1,0.0707,139.931,0.21
Junk Of The Heart,1VGaygrbOjkte4Ca81nEeQ,The Kooks,1GLtl8uqKmnyCWxHmw9tL4,210453,2npeMAnR3c6kqVSBYD5N3d,Is It Me,37,0.0181,0.307,0.876,2.65e-05,11,0.111,-6.336,1,0.0813,157.611,0.496
Inside In / Inside Out,03JPFQvZRnHHysSZrSFmKY,The Kooks,1GLtl8uqKmnyCWxHmw9tL4,158346,3aABdPd96JkyvI9ZmHPLIZ,See The World,46,0.000169,0.303,0.962,6.71e-06,7,0.388,-4.021,1,0.166,160.53,0.703
Inside In / Inside Out,03JPFQvZRnHHysSZrSFmKY,The Kooks,1GLtl8uqKmnyCWxHmw9tL4,208973,2Uf9WTBWMA8S9Lh3k3Rui6,Ooh La,61,0.0263,0.545,0.873,9.1e-05,10,0.145,-5.193,0,0.0825,150.841,0.748
Inside In / Inside Out,03JPFQvZRnHHysSZrSFmKY,The Kooks,1GLtl8uqKmnyCWxHmw9tL4,155146,3fRVgnVO9c973OIoWwN3V2,You Don't Love Me,49,0.0037,0.321,0.933,0.0,11,0.108,-4.033,0,0.0539,166.53,0.718
Inside In / Inside Out,03JPFQvZRnHHysSZrSFmKY,The Kooks,1GLtl8uqKmnyCWxHmw9tL4,189567,12neqgXbe73JFQUhv9fgjO,Matchbox,49,0.00725,0.355,0.845,0.0,8,0.112,-5.11,0,0.0899,87.311,0.865
Inside In / Inside Out,03JPFQvZRnHHysSZrSFmKY,The Kooks,1GLtl8uqKmnyCWxHmw9tL4,121213,0qTxFpgEYqZyqk7aNTyf1y,If Only,43,0.0235,0.181,0.912,0.0,2,0.321,-4.694,1,0.166,201.158,0.701
Neighborhoods (Deluxe Explicit Version),4k3DHfY2FpJIld23bTgtrN,blink-182,6FBDaR13swtiWwGhX1WQsP,206133,1oRXq9KvTvZQ0yXvO6OBXE,After Midnight,2,0.00758,0.539,0.871,6.97e-06,9,0.0188,-5.068,1,0.0466,167.992,0.894
Greatest Hits [International Version (Explicit)],0SvLzQZVwLWoY7p7zUcvxs,blink-182,6FBDaR13swtiWwGhX1WQsP,226905,6rFKHZniKTOhcYnw5T55Bw,I Miss You,3,0.00123,0.657,0.781,5.56e-06,11,0.0841,-6.618,1,0.0341,110.02,0.673
Innocence & Decadence,58fHuT6aGtC3XquAaCsSC6,Graveyard,0hU5urLse5h1Z0b4zQkovL,277706,0GJdDVbwodtydRbl4SguVJ,Too Much Is Not Enough,0,0.329,0.402,0.592,2.78e-06,11,0.105,-8.052,0,0.0406,114.403,0.418
Innocence & Decadence,58fHuT6aGtC3XquAaCsSC6,Graveyard,0hU5urLse5h1Z0b4zQkovL,182346,57hu4EO0fityOIXdQyt4BN,Magnetic Shunk,0,0.0101,0.355,0.91,4.95e-05,5,0.104,-5.833,1,0.0561,147.779,0.778
Inside In / Inside Out,4MhInH4XT7ReDV5fCZjaSz,The Kooks,1GLtl8uqKmnyCWxHmw9tL4,203506,2RUhtNBh43RtSg0WBPPq3m,Naive,63,0.0688,0.547,0.816,0.0,8,0.127,-6.165,0,0.0624,102.765,0.722
O Pensamento É um Imã,7iwccef4QzL2W8ZJmtZW7n,Vivendo do Ócio,3oZozYd18SKf2a7Dg9Cd2V,234997,3skv0Lg9u0Tqkoqqnb7hR9,Nostalgia,47,0.00296,0.427,0.508,0.0,9,0.091,-6.527,0,0.0305,80.976,0.388
O Pensamento É um Imã,7iwccef4QzL2W8ZJmtZW7n,Vivendo do Ócio,3oZozYd18SKf2a7Dg9Cd2V,178355,0AzqSUuCrdarY2vMIVE9MQ,Silas,30,0.00105,0.405,0.927,0.0,7,0.341,-4.762,1,0.0836,152.971,0.409
Nem Sempre Tão Normal,6wJZJefHbMkopxKuLCFirf,Vivendo do Ócio,3oZozYd18SKf2a7Dg9Cd2V,171746,5SqiD82UJWdyXfpwOCtz8K,"Fora, Mônica",33,7.51e-05,0.38,0.706,0.0,11,0.178,-5.555,0,0.0286,133.217,0.738
O Pensamento É um Imã,7iwccef4QzL2W8ZJmtZW7n,Vivendo do Ócio,3oZozYd18SKf2a7Dg9Cd2V,193462,7zH2cCP5YgcxxXqJv8bR4W,Radioatividade,35,0.00593,0.236,0.833,0.0,3,0.295,-5.794,1,0.0464,160.449,0.526
O Pensamento É um Imã,7iwccef4QzL2W8ZJmtZW7n,Vivendo do Ócio,3oZozYd18SKf2a7Dg9Cd2V,103818,183dmxsVBTqXz6QYPM0P6b,Eu Gastei,18,0.14,0.299,0.973,0.000886,2,0.0966,-3.724,1,0.126,187.545,0.662
Nem Sempre Tão Normal,6wJZJefHbMkopxKuLCFirf,Vivendo do Ócio,3oZozYd18SKf2a7Dg9Cd2V,203826,6KrDeVGu3LZpZRDzebWXkY,Meu Precioso,30,5.65e-05,0.346,0.845,0.0,11,0.197,-4.578,0,0.0311,144.365,0.567
Nem Sempre Tão Normal,6wJZJefHbMkopxKuLCFirf,Vivendo do Ócio,3oZozYd18SKf2a7Dg9Cd2V,193093,5tRmY20HtEb4Vc56FuMsaX,Dilema,29,6.31e-05,0.615,0.706,1.65e-06,6,0.111,-4.751,1,0.0405,147.03,0.781
Nem Sempre Tão Normal,6wJZJefHbMkopxKuLCFirf,Vivendo do Ócio,3oZozYd18SKf2a7Dg9Cd2V,168626,4xT5yG107vSqVLKxq2NMk6,Lado Ruim Pt. Ii,19,0.000463,0.287,0.86,0.0,2,0.0998,-5.258,1,0.0481,171.837,0.522
A Arte do Insulto,2JOTr7R44QiDGLYFwrfFwt,Matanza,5OlITTCPCIxWOa3TEpemuF,180333,2UX8moWR8EvEr2DKitSpmu,Clube Dos Canalhas,51,7.01e-05,0.451,0.947,6.1e-05,4,0.25,-4.115,1,0.0725,156.18,0.815
Fundamental - Matanza,7n8VY0OjVAZuo4QlHCRkMM,Matanza,5OlITTCPCIxWOa3TEpemuF,169093,5DIZryXN98LQkCqlxpVXyU,Bom É Quando Faz Mal,40,0.0192,0.504,0.972,0.0,5,0.359,-2.368,1,0.0546,168.012,0.665
Vitória,4rNXhdCHC8NncBBfvPbOXY,Dead Fish,7Lvg39k5XgXevGR767ikYI,171426,3RDZTFpR9yUQK5i7388iDf,912 Passos,30,0.00125,0.336,0.996,0.0,5,0.372,-3.432,0,0.158,101.254,0.418
Selvagens à Procura de Lei,5SKgdaHdwVTQtCR6fjp5hh,Selvagens à Procura de Lei,093ybF4c81CndQe6qWtc8S,161626,4hZDBvGYod7LCKzyknm9nz,Brasileiro,0,0.1,0.406,0.924,1.51e-06,8,0.325,-5.351,1,0.181,103.764,0.792
A Arte De Charlie Brown Jr.,2Ov5ciTOEZcvCNZQKtiye4,Charlie Brown Jr.,1on7ZQ2pvgeQF4vmIA09x5,140893,0GJ8Bg1URiReZKHm3JcyiL,O Côro Vai Comê,38,0.0594,0.718,0.864,3.94e-05,0,0.354,-3.136,0,0.0379,147.592,0.972
De 1997 A 2007,6TU7bDQ5q465gcVt84NPeb,Charlie Brown Jr.,1on7ZQ2pvgeQF4vmIA09x5,272326,48WQyt5YKRWBS1RKt9ISCI,Be Myself,35,0.0799,0.608,0.95,0.0,10,0.153,-5.906,0,0.0658,103.192,0.556
A Arte De Charlie Brown Jr.,2Ov5ciTOEZcvCNZQKtiye4,Charlie Brown Jr.,1on7ZQ2pvgeQF4vmIA09x5,234333,1FOFkjtIg0ekiCiNA3HPoW,Não Viva Em Vão,37,0.00313,0.567,0.943,0.00112,1,0.148,-5.488,1,0.0482,101.618,0.598
100% Charlie Brown Jr - Abalando A Sua Fábrica,0Dcy3ThOh8LS1qhXUbZWH7,Charlie Brown Jr.,1on7ZQ2pvgeQF4vmIA09x5,273040,3QI5bIozef0HZ1kJnA2RdT,Como Tudo Deve Ser,56,0.352,0.523,0.489,0.24,1,0.108,-10.043,0,0.0301,77.37,0.325
Imunidade Musical,1l8K5fgYz4J0ZZyjMVd6Q1,Charlie Brown Jr.,1on7ZQ2pvgeQF4vmIA09x5,188200,70dJEanFPdYuWZumkrnKeX,Ela Vai Voltar (Todos Os Defeitos De Uma Mulher Perfeita),67,0.424,0.676,0.657,0.000147,6,0.13,-7.28,1,0.0272,105.002,0.879
Imunidade Musical,1l8K5fgYz4J0ZZyjMVd6Q1,Charlie Brown Jr.,1on7ZQ2pvgeQF4vmIA09x5,176960,2m2QV4YsDoVNQ9Y6THdSg4,Aquela Paz,46,0.769,0.586,0.487,0.0001,11,0.181,-9.29,1,0.0341,123.897,0.693
Imunidade Musical,1l8K5fgYz4J0ZZyjMVd6Q1,Charlie Brown Jr.,1on7ZQ2pvgeQF4vmIA09x5,145466,006pMMCuRo2TFjh8sNGSov,"Dias De Luta, Dias De Gloria",67,0.888,0.346,0.433,0.0,3,0.101,-10.602,0,0.065,77.963,0.768
Imunidade Musical,1l8K5fgYz4J0ZZyjMVd6Q1,Charlie Brown Jr.,1on7ZQ2pvgeQF4vmIA09x5,202826,6C6315RjrDrqj1oqaJVGY8,Senhor Do Tempo,58,0.762,0.771,0.631,0.00454,6,0.108,-7.276,1,0.0382,97.054,0.644
Detonautas (Nova Versão),2Xa25OvfD52APxPX8QP9mJ,Detonautas Roque Clube,5AlUDdksfPP7l4Qm22MJA9,209173,6Sk1mETx99njkPH3MIRTn3,Quando o sol se for,62,0.000217,0.431,0.848,3.11e-05,11,0.0934,-5.522,0,0.0457,163.139,0.806
Animal Nacional Ao Vivo,5S0UT9cRH3utJChPZu15OQ,Vespas Mandarinas,39wvetWmzobDSXSkCHPEcv,191757,7ioUnvcguBJghLH6EMz4FG,O Vício e o Verso - Ao Vivo,17,0.0101,0.324,0.835,0.00696,1,0.928,-6.756,1,0.0463,164.831,0.723
20+ Rock,5QGt69piwYmNQaTHizRvow,Capital Inicial,4Z0yuwHVJBROVZqFpTIr0d,209760,3TfepFQzCxXusZ0wcFydpd,Depois da Meia Noite,3,0.00801,0.467,0.815,2.34e-05,4,0.338,-5.113,0,0.0361,134.978,0.467
III,3XZMipSwL561QdT16xAkI4,Maglore,24me6m3bV7l2rnUwaXV0Tj,214771,6RyWmYt2GU3syQCDu1nczh,Dança Diferente,43,0.017,0.602,0.804,0.000898,8,0.1,-3.989,1,0.0355,124.998,0.666
Apanhador Só,627iqId0ZyfH4irrJZEFXq,Apanhador Só,3DtHAw4MrjXhVFotN5n8fZ,224880,6iMZdXJgaGHB4Z2t2bNJ0l,Um Rei e o Zé,36,0.0454,0.539,0.669,4.37e-05,6,0.0908,-6.553,1,0.0307,123.266,0.534
Canções de Apartamento,2YAe3j1yJypaKzL5xp5lcC,Cícero,6a5wUPC879Kyfw0aXxVatB,222653,2GikkUicu2OpS7RkZezE8p,Tempo de Pipa,0,0.846,0.63,0.495,0.0785,2,0.11,-9.14,1,0.0257,109.02,0.555
Canções de Apartamento,2YAe3j1yJypaKzL5xp5lcC,Cícero,6a5wUPC879Kyfw0aXxVatB,255453,39ekic3R4jIELhCjHJ7R3g,Açúcar Ou Adoçante,0,0.809,0.625,0.315,0.00594,11,0.0939,-10.476,0,0.0335,100.029,0.275
Amianto,1M54W6vxFuAxYNrlO7Ocwd,Supercombo,73HkjgziMO6I83vFOS8mo1,196690,35689kbAwieHK4YNmwEisS,Piloto Automático,59,0.263,0.617,0.697,0.0,6,0.097,-4.932,1,0.0352,131.981,0.519
Amianto,1M54W6vxFuAxYNrlO7Ocwd,Supercombo,73HkjgziMO6I83vFOS8mo1,251341,5oAqAKoKpKrF5YTNXVxdum,Sol da Manhã,48,0.0562,0.417,0.873,1.13e-06,10,0.0609,-4.641,1,0.044,134.878,0.349
Acústico (Ao Vivo),7mgNhvsT5RpvIoq8q2DHFI,Cássia Eller,10naVTwNjE50daQVrN0bXh,246492,6HhXiy5XZ81Pyv3yCZMtj1,Relicário - Ao Vivo,67,0.53,0.3,0.7,0.0,2,0.186,-6.567,1,0.036,165.642,0.398
Nando Reis - Voz e Violão - No Recreio - Vol. 1 (Ao Vivo) [Álbum Comentado],4VmnZTSzzKqSZ9yN5eknqF,Nando Reis,7n1XMwvxPf10t4OX6h6Ufy,304520,3bh1DBnd4yFX71qd1nQVfo,Os Cegos do Castelo - Ao Vivo,35,0.881,0.476,0.406,8.94e-05,0,0.913,-9.757,1,0.0362,145.839,0.181
"Nando Reis - Voz e Violão - No Recreio, Vol. 1 (Ao Vivo)",5w3LIWPOW8U9QNkBBF3ViX,Nando Reis,7n1XMwvxPf10t4OX6h6Ufy,289160,3z2PwC8HC26vbOpsBS5Nrr,Por Onde Andei - Ao Vivo,40,0.86,0.401,0.33,3.31e-06,0,0.743,-9.681,1,0.0304,138.711,0.332
Muito Mais Que o Amor,0u5RVsTlYBmOOHOXzAjuJZ,Vanguart,0rexWKb4rBwWS07SoHqsX0,200200,71iogkuXi7nAfFbqMGDTri,Meu Sol,53,0.00288,0.365,0.686,0.0,0,0.0926,-6.127,1,0.0272,184.083,0.331
Boa Parte de Mim Vai Embora,1dlCAZ0ZLNu3hRuVM9XgW0,Vanguart,0rexWKb4rBwWS07SoHqsX0,246026,6RRci0rkrotugqtF9GOins,Nessa Cidade,38,0.42,0.269,0.47,0.000434,2,0.114,-6.745,0,0.0281,150.341,0.184
O Terno,5ZBujOsUQ6LDSxsDruhcdH,O Terno,2TuVzZPwEPqpstqmA0qLl6,217573,3eMkpAa2ntFVStoZ91XoD9,"Ai, Ai, Como Eu Me Iludo",48,0.353,0.36,0.55,5.37e-06,8,0.191,-7.01,1,0.0783,154.257,0.341
66,1qwyZKIV9ocQg94WjbV4RW,O Terno,2TuVzZPwEPqpstqmA0qLl6,151173,2Wo9g52HBAuThdJaUEYKdY,66,33,0.255,0.535,0.668,8.89e-06,9,0.0514,-6.017,1,0.433,142.983,0.541
Tic Tac - Harmonium,6jlQSeilp9eZnGtBs8M01m,O Terno,2TuVzZPwEPqpstqmA0qLl6,260528,13W0k7mAHSlNgYLygFPvbd,Tic Tac,21,0.0166,0.456,0.79,0.109,0,0.106,-4.858,1,0.0703,123.775,0.769
Black Sands,5m1RkwKeU7MV0Ni6PH2lPy,Bonobo,0cmWgDlu9CwTgxPhf403hb,230306,7sqii6BhIDpJChYpU3WjwS,Kiara,55,0.195,0.595,0.788,0.202,3,0.153,-10.128,0,0.363,97.012,0.414
Black Sands,5m1RkwKeU7MV0Ni6PH2lPy,Bonobo,0cmWgDlu9CwTgxPhf403hb,237826,7Cg3F9ZsZ2TYUnlza49NYh,Kong,58,0.173,0.542,0.749,0.942,6,0.315,-8.333,0,0.0277,94.031,0.674
The North Borders,7sN6lCgPf1rbZYmA3edMKv,Bonobo,0cmWgDlu9CwTgxPhf403hb,278293,2Yz2Z1ENB85nYrK3Rg2qxO,First Fires,51,0.385,0.606,0.408,0.29,8,0.437,-10.539,1,0.0362,110.01,0.211
The North Borders,7sN6lCgPf1rbZYmA3edMKv,Bonobo,0cmWgDlu9CwTgxPhf403hb,216664,7iE9oBkH73M1K74gyjjx7c,Towers,41,0.29,0.734,0.553,0.775,9,0.118,-10.079,0,0.0594,135.037,0.336
Flashlight EP,1Gb1MCvhe6uBJrO1Vb8FlR,Bonobo,0cmWgDlu9CwTgxPhf403hb,330089,0CPEvRFKdvpK0veEeY56T6,Flashlight,50,0.0707,0.679,0.95,0.948,0,0.114,-6.76,1,0.0614,119.905,0.0495
Black Sands,5m1RkwKeU7MV0Ni6PH2lPy,Bonobo,0cmWgDlu9CwTgxPhf403hb,408960,6uoM7KHsyJsHZqBQHKjQbc,Black Sands,56,0.732,0.525,0.499,0.936,0,0.0966,-9.023,0,0.0246,87.989,0.338
Awake,7HWdGPosPkb9GY5MOgLgSW,Tycho,5oOhM2DFWab8XhSdQiITry,277559,4yX50PMifhGzVEo1wv3guc,L,50,0.0309,0.549,0.663,0.888,5,0.0938,-7.555,0,0.0464,114.494,0.245
Dive,3I3PmRvn5iFY8i6zzvEcci,Tycho,5oOhM2DFWab8XhSdQiITry,316919,6koWevx9MqN6efQ6qreIbm,A Walk,59,0.329,0.659,0.716,0.909,9,0.127,-7.816,1,0.0317,139.952,0.382
Awake,7HWdGPosPkb9GY5MOgLgSW,Tycho,5oOhM2DFWab8XhSdQiITry,283636,2qC1sUo8xxRRqYsaYEdDuZ,Awake,61,0.0585,0.552,0.878,0.892,1,0.0746,-5.767,1,0.0353,176.057,0.598
Awake,7HWdGPosPkb9GY5MOgLgSW,Tycho,5oOhM2DFWab8XhSdQiITry,226911,1vdN00jfVssgwJBMwmSAoT,Spectre,47,0.497,0.651,0.72,0.903,5,0.114,-7.278,0,0.0396,128.017,0.39
Roses,0hCFj8MuBj1jSMSOoM5U3n,Deon Custom,0IgqyBnmTWYYN4e8IjLb41,220987,0oWO6fBIJYr9YSGtZ0pS4v,Roses,0,0.00341,0.427,0.903,0.744,11,0.112,-4.935,0,0.0378,138.545,0.166
Together,5UamZmMd1ssQQIZM9EbDjz,Deon Custom,0IgqyBnmTWYYN4e8IjLb41,245591,2Jjb32TIIno8Tv1aPwBe3W,Together,0,0.00804,0.488,0.888,0.768,0,0.189,-7.522,0,0.0656,141.975,0.253
Build the Cities (feat. Kerli),093CdtDoy5FVjNMsglRRmi,Karma Fields,1tRsdSvjwp34PDvcmix6SJ,223947,4YtMhT2Ko6FRwQoWcswYss,Build the Cities (feat. Kerli),0,0.00347,0.615,0.738,0.00119,4,0.18,-5.389,0,0.0407,112.002,0.0585
Anime Bae,3da2QtJjDdQ0K5aE2MG5B4,Sushi Killer,4dljuICglLYdFmk4dXtfUa,230199,6KCiwJ61w9rsDOg5t1RRsQ,Anime Bae,0,0.018,0.538,0.874,0.00102,4,0.0763,-4.294,1,0.0904,145.143,0.294
Clockwork,0kT3RBdCDEqxjfRcFhdNmO,Grant Bowtie,3jnJamJbsFzvFbEu58aPss,195169,0pNudiGi9RDmRum6DmXGvg,Clockwork,0,0.339,0.447,0.745,0.00834,2,0.196,-6.254,0,0.0522,149.992,0.783
High Tide,4RHCtG2OVqafEOGzcGpRGo,Grant Bowtie,3jnJamJbsFzvFbEu58aPss,214109,5XAiCKoVDBPx71rMRD0ynk,High Tide,0,0.144,0.575,0.798,0.00128,8,0.101,-3.962,0,0.0307,102.077,0.276
Cloud Nine,60rJ0Ae37c3Av6EuoKS4n9,Grant Bowtie,3jnJamJbsFzvFbEu58aPss,211481,3Zv7maR2hRGoIp3WWP18mW,Cloud Nine,0,0.0869,0.434,0.934,0.136,8,0.307,-2.898,1,0.344,160.112,0.492
Wildflower,2SxXXza46ChUhsSiqkurJo,The Avalanches,3C8RpaI3Go0yFF9whvKoED,273253,1iSh2Hq0bu7M8UUWM37yWz,If I Was A Folkstar,1,0.555,0.67,0.915,0.85,10,0.0962,-8.051,1,0.0461,123.179,0.901
Black Sands,5m1RkwKeU7MV0Ni6PH2lPy,Bonobo,0cmWgDlu9CwTgxPhf403hb,284800,6vcd0sKmiioXQKbcZPr7gq,Stay The Same,51,0.551,0.589,0.557,0.151,1,0.106,-7.493,0,0.0421,99.987,0.545
Classics,2n5wpk7KaHpp3mgUYqpF4f,Ratatat,57dN52uHvrHOxijzpIgu3E,226533,5ZrrXIYTvjXPKVQMjqaumR,Loud Pipes,60,0.109,0.718,0.703,0.822,7,0.208,-7.162,0,0.0382,87.975,0.858
Classics,2n5wpk7KaHpp3mgUYqpF4f,Ratatat,57dN52uHvrHOxijzpIgu3E,260173,4EBisBBehGON4ESJsNZBsP,Wildcat,55,0.0479,0.703,0.718,0.432,1,0.0415,-7.522,1,0.0669,115.993,0.785
You're Dead!,29luvT98TnqHjVDYSRbbrj,Flying Lotus,29XOeO6KIWxGthejQqn793,160136,79gyBvPc2zj3oIrhI50Eag,"Coronus, the Terminator",45,0.19,0.438,0.529,0.0474,2,0.138,-6.158,0,0.0355,79.929,0.294
Until The Quiet Comes,40aG9ahuLnAv96yoFG75Uy,Flying Lotus,29XOeO6KIWxGthejQqn793,183632,76MV7OyHilsf3lSjVnkBl3,Tiny Tortures,35,0.609,0.861,0.445,0.848,8,0.213,-12.116,0,0.241,151.076,0.259
Until The Quiet Comes,40aG9ahuLnAv96yoFG75Uy,Flying Lotus,29XOeO6KIWxGthejQqn793,173687,3Qucz2EpOkNo1rx6tKUQlC,Putty Boy Strut,38,0.103,0.723,0.432,0.218,1,0.0883,-7.891,1,0.418,163.973,0.711
Torches,7Kmmw7Z5D2UD5MVwdm10sT,Foster The People,7gP3bB2nilZXLfPHJhMdvc,238786,3u1Er1rkjn1oSz1xdZH3ZD,Call It What You Want,64,0.0483,0.641,0.967,0.000276,5,0.442,-4.289,0,0.0601,113.017,0.725
Torches,7Kmmw7Z5D2UD5MVwdm10sT,Foster The People,7gP3bB2nilZXLfPHJhMdvc,202466,5Fli1xRi01bvCjsZvKWro0,Houdini,70,0.00762,0.632,0.908,0.000172,8,0.167,-3.511,1,0.0458,110.024,0.764
Supermodel,22cFcAQkydpTzeSKQZEKv0,Foster The People,7gP3bB2nilZXLfPHJhMdvc,267826,7tvOve5IkjYenvqScZ75iQ,Best Friend,60,0.00933,0.651,0.866,0.0,1,0.113,-3.831,1,0.0584,113.945,0.801
Oracular Spectacular,6mm1Skz3JE6AXneya9Nyiv,MGMT,0SwO7SWeDHJijQ3XNS7xEE,229640,3FtYbEfBqAlGO46NUDQSAt,Electric Feel,78,0.0714,0.763,0.807,0.28,1,0.348,-3.714,1,0.035,103.038,0.559
Oracular Spectacular,6mm1Skz3JE6AXneya9Nyiv,MGMT,0SwO7SWeDHJijQ3XNS7xEE,302840,1jJci4qxiYcOHhQR247rEU,Kids,77,0.00076,0.451,0.931,0.0049,9,0.361,-3.871,1,0.0719,122.961,0.172
Hector's Mix Tape,0QluVU5ReXs7oI1ZyS101F,Two Door Cinema Club,536BYVgOnRky0xjsPT96zl,177400,3InbeZjHjrCOZKAwq8QR0E,I Can Talk,40,3.12e-05,0.479,0.724,0.096,9,0.217,-5.248,0,0.213,162.965,0.671
Electracoustic (Electronic Acoustic),5EGOZe9BcPZQ7W6IiAkZQg,Peter Bjorn and John,6u11Qbko2N2hP4lTBYjX86,281120,2C05mj3y2hFJHJPlSI1vGo,Young Folks,5,0.0163,0.698,0.746,0.000803,0,0.116,-7.986,1,0.0382,138.137,0.638
"Hurry up, We're Dreaming",5lZrn6dy53gXNatTjgiIoi,M83,63MQldklfxkjYDoUE4Tppz,243960,29U1azNyQN2vSqIquF9srD,Midnight City,9,0.0182,0.507,0.729,1.4e-06,11,0.0658,-5.399,0,0.0393,105.013,0.272
New Eyes,0dNt3MfPrvj6mHmajSuahw,Clean Bandit,6MDME20pz9RveH9rEXvrOM,227833,61dCUoMCg28qEBzrW6htYM,Rather Be (feat. Jess Glynne),69,0.162,0.799,0.586,2.03e-06,11,0.193,-6.735,1,0.0377,120.97,0.549
Hotel Cabana (Deluxe Version),6ubgnzYckmWTNuCpc5Di5i,Naughty Boy,1bT7m67vi78r2oqvxrP3X5,222200,3wPPWcVuinAU7dXcJXtCID,La La La,68,0.107,0.772,0.65,1.13e-06,6,0.0905,-5.202,0,0.0306,125.082,0.262
Kindred,5vHUSuZ5xizxS3zfr3SKkq,Passion Pit,7gjAu1qr5C2grXeQFFOGeh,230973,7GyDcM22nxCJHcQa11fbYk,Where the Sky Hangs,54,0.0336,0.819,0.681,2.08e-06,8,0.1,-6.423,1,0.0308,108.989,0.93
Ten,5B4PYA7wNN4WdEXdIJu58a,Pearl Jam,1w5Kfo2jwwIPruYS2UWh56,292580,6QewNVIDKdSl8Y3ycuHIei,Even Flow,76,0.00178,0.394,0.944,4.54e-06,10,0.298,-6.506,0,0.0761,105.338,0.265
Ten,5B4PYA7wNN4WdEXdIJu58a,Pearl Jam,1w5Kfo2jwwIPruYS2UWh56,340907,1L94M3KIu7QluZe63g64rv,Alive,76,0.00752,0.284,0.875,0.000461,11,0.402,-6.069,0,0.0422,75.009,0.595
Led Zeppelin II,70lQYZtypdCALtFVlQAcvx,Led Zeppelin,36QJpDe2go2KgaRleHCDTp,263333,3MODES4TNtygekLl146Dxd,Ramble On - 1990 Remaster,71,0.072,0.468,0.607,0.000852,9,0.225,-11.367,1,0.0336,98.429,0.886
Led Zeppelin II,70lQYZtypdCALtFVlQAcvx,Led Zeppelin,36QJpDe2go2KgaRleHCDTp,333893,0hCB0YR03f6AmQaHbwWDe8,Whole Lotta Love - 1990 Remaster,77,0.0484,0.412,0.902,0.131,9,0.405,-11.6,1,0.405,89.74,0.422
Led Zeppelin IV,1Ugdi2OTxKopVVqsprp5pb,Led Zeppelin,36QJpDe2go2KgaRleHCDTp,478173,51pQ7vY7WXzxskwloaeqyj,Stairway to Heaven - 1990 Remaster,70,0.575,0.346,0.335,0.00674,7,0.185,-12.453,1,0.0339,84.204,0.213
High Voltage,19AUoKWRAaQYrggVvdQnqq,AC/DC,711MCceyCBcFnzjGY4Q7Un,214666,7LRMbd3LEoV5wZJvXT1Lwb,T.N.T.,79,0.153,0.754,0.759,0.000114,9,0.101,-5.218,1,0.302,126.367,0.435
The Razors Edge,4vu7F6h90Br1ZtYYaqfITy,AC/DC,711MCceyCBcFnzjGY4Q7Un,292880,57bgtoPSgt236HzfBOd8kj,Thunderstruck,82,0.000147,0.501,0.889,0.0114,4,0.217,-5.175,1,0.0364,133.519,0.257
Highway to Hell,10v912xgTZbjAtYfyKWJCS,AC/DC,711MCceyCBcFnzjGY4Q7Un,208400,2zYzyRzz6pRmhPzyfMEC8s,Highway to Hell,84,0.0591,0.573,0.913,0.00173,6,0.156,-4.793,0,0.132,115.715,0.422
Back In Black,6mUdeDZCsExyJLMdAfDuwh,AC/DC,711MCceyCBcFnzjGY4Q7Un,255493,08mG3Y1vljYA6bvDt4Wqkj,Back In Black,84,0.011,0.31,0.7,0.00965,9,0.0828,-5.678,1,0.047,188.386,0.763
Who Made Who,07EFoHHspqSwsmkbnWaB4A,AC/DC,711MCceyCBcFnzjGY4Q7Un,210880,6yl8Es1tCYD9WdSkeVLFw4,You Shook Me All Night Long,74,0.00224,0.529,0.768,0.000685,7,0.297,-5.51,1,0.0566,127.316,0.769
Ten,5B4PYA7wNN4WdEXdIJu58a,Pearl Jam,1w5Kfo2jwwIPruYS2UWh56,318226,62nQ8UZVqR2RMvkJHkcO2o,Jeremy,74,0.0404,0.285,0.846,0.0,2,0.182,-6.472,1,0.0438,108.808,0.287
Ten,5B4PYA7wNN4WdEXdIJu58a,Pearl Jam,1w5Kfo2jwwIPruYS2UWh56,342653,5Xak5fmy089t0FYmh3VJiY,Black,75,0.323,0.36,0.684,0.0,4,0.34,-6.457,0,0.0308,77.15,0.2
Dreamboat Annie,2N0AgtWbCmVoNUl2GN1opH,Heart,34jw2BbxjoYalTp8cJFCPv,293440,5zH710lFSLtkHbMkslLDjR,Crazy On You,67,0.116,0.427,0.459,0.000103,9,0.132,-12.442,0,0.0332,129.878,0.383
Little Queen,2kQfdicVfZex5ngOOLiIDy,Heart,34jw2BbxjoYalTp8cJFCPv,262853,27BiHcQDEkxVn69zy1t3Es,Barracuda,1,0.00368,0.51,0.926,0.0365,4,0.137,-4.073,0,0.0613,137.374,0.6
Leftoverture,7MejfRSNnrpcLZIxkeZDqR,Kansas,2hl0xAkS2AIRAu23TVMBG1,323000,4DMKwE2E2iYDKY01C335Uw,Carry on Wayward Son,76,0.00316,0.483,0.786,8.86e-05,7,0.446,-5.735,1,0.0319,126.748,0.793
Steppenwolf,6GLHwIp1K3u1zdLOdPRG0W,Steppenwolf,1WRM9i067hd2ujxxi8FI3m,210373,63OFKbMaZSDZ4wtesuuq6f,Born To Be Wild,74,0.262,0.438,0.71,0.537,2,0.221,-12.412,1,0.0919,145.928,0.53
Experience Hendrix: The Best Of Jimi Hendrix,2vfiwvlxOBNBohRXfvlMtY,Jimi Hendrix,776Uo845nYHJpNaStv1Ds4,171426,4BYGxv4rxSNcTgT3DsFB9o,Purple Haze,55,0.00627,0.529,0.898,0.728,2,0.0668,-5.249,1,0.0786,108.599,0.434
Experience Hendrix: The Best Of Jimi Hendrix,2vfiwvlxOBNBohRXfvlMtY,Jimi Hendrix,776Uo845nYHJpNaStv1Ds4,209813,3VMMmMR4IYL28n7oKHyUoD,Hey Joe,52,0.00351,0.349,0.757,0.329,9,0.0332,-5.659,1,0.0359,166.717,0.569
"Echoes, Silence, Patience & Grace",3ilXDEG0xiajK8AbqboeJz,Foo Fighters,7jy3rLJdDQY21OgRLCZ9sD,269373,7x8dCjCr0x6x2lXKujYD34,The Pretender,78,0.000917,0.433,0.959,0.0,9,0.028,-4.04,1,0.0431,172.984,0.365
The Colour And The Shape,30ly6F6Xl0TKmyBCU50Khv,Foo Fighters,7jy3rLJdDQY21OgRLCZ9sD,250546,5UWwZ5lm5PKu6eKsHAGxOk,Everlong,78,5.96e-05,0.412,0.882,0.00031,11,0.0805,-5.54,0,0.0369,158.066,0.356
